Batch,Brand,Models,References,Source,Raw,Normalized,TF,PR,Safe corrections,Review,Status
P3-RLX-001,Rolex,UNKNOWN,"126334;126300;228235;228238;126333",33396,33396,33396,UNKNOWN,UNKNOWN,UNKNOWN,UNKNOWN,BLOCKED
P3-CAR-001,Cartier,UNKNOWN,UNKNOWN,11753,UNKNOWN,UNKNOWN,7154,UNKNOWN,UNKNOWN,UNKNOWN,AUDITED
P3-OMG-001,Omega,UNKNOWN,UNKNOWN,10384,UNKNOWN,UNKNOWN,6871,UNKNOWN,UNKNOWN,UNKNOWN,AUDITED
P3-TUD-001,Tudor,UNKNOWN,UNKNOWN,3934,UNKNOWN,UNKNOWN,2555,UNKNOWN,UNKNOWN,UNKNOWN,AUDITED
P3-VCO-001,Vacheron Constantin Overseas,UNKNOWN,UNKNOWN,9008,UNKNOWN,UNKNOWN,2500,UNKNOWN,UNKNOWN,UNKNOWN,BLOCKED
P3-PAT-001,Patek Philippe,UNKNOWN,UNKNOWN,126571,UNKNOWN,UNKNOWN,126571,UNKNOWN,UNKNOWN,UNKNOWN,NOT_STARTED
P3-AP-001,Audemars Piguet,UNKNOWN,UNKNOWN,84958,UNKNOWN,UNKNOWN,84958,UNKNOWN,UNKNOWN,UNKNOWN,NOT_STARTED
P3-RM-001,Richard Mille,UNKNOWN,UNKNOWN,39958,UNKNOWN,UNKNOWN,39958,UNKNOWN,UNKNOWN,UNKNOWN,NOT_STARTED
P3-ZEN-001,Zenith,UNKNOWN,UNKNOWN,464,UNKNOWN,UNKNOWN,464,UNKNOWN,UNKNOWN,UNKNOWN,NOT_STARTED
