"listing_id","source_payload_sha256","action","expected_status","new_status","proposed_price_usd","source_currency","canary_category","canary_priority"
"admission_96f063842049aecb5d38e51e34f2510638231223ac7c323c09447cc879cdca58","b301c776e097ff27e433ebc60266e0fdffbd5c2f961f003a380aaffa513db4d8","PROMOTE_EXACT_RAW_USD_PRICE","PRICE_RESEARCH_ADMISSION_NOT_ELIGIBLE","SOURCE_EXPLICIT_USD_MATCH","110000","USDT","BREGUET_EXACT_USD","101"
"admission_cf7fc87e7684af1b1a554ee2cf2715356da0dbad5d4db4dd2113dbdc8058a9b1","ee13682420cb6e0fe4e864eb1263842e59b545a1cb47c2898f63c2ba7262e758","PROMOTE_EXACT_RAW_USD_PRICE","PRICE_RESEARCH_ADMISSION_NOT_ELIGIBLE","SOURCE_EXPLICIT_USD_MATCH","37000","USDT","BREGUET_EXACT_USD","102"
"admission_71ea5b31537b114137ebc459c75763abf298e61851a2ce242c56fe33aa219076","6dd528766a1db79cffd7f6d4e8446429cf08893f61f9522d66adf2aad4cd2698","PROMOTE_EXACT_RAW_USD_PRICE","PRICE_RESEARCH_ADMISSION_NOT_ELIGIBLE","SOURCE_EXPLICIT_USD_MATCH","38000","USDT","BREGUET_EXACT_USD","103"
"admission_ecfbf3a7caa414cde0b78bf7d5c2396029ca71dbd2bf3af5d865ab82607b1d10","91b1d004e9df034bac7286de1886cc7b7c1ab69b9d2c4378cf5722d61a9dfe58","PROMOTE_EXACT_RAW_USD_PRICE","PRICE_RESEARCH_ADMISSION_NOT_ELIGIBLE","SOURCE_EXPLICIT_USD_MATCH","13800","USD","BREGUET_EXACT_USD","104"
"admission_aed9144ddcd5efa5a92719d1ca53d25bd9029dfbe6835374ec46b08ea1a100f9","57e3895c0779e10832ae7b65c106f09422aeebd74a647d78ebed84f0dc1d5548","PROMOTE_EXACT_RAW_USD_PRICE","PRICE_RESEARCH_ADMISSION_NOT_ELIGIBLE","SOURCE_EXPLICIT_USD_MATCH","18400","USD","BREGUET_EXACT_USD","105"
"admission_9e0362bb623d7a7c0ac5636dc321622f0a82903faf28e1607edce886429d9b2b","60f42bf8210e4841f2ac0e54f3280f3f25530ba0e2c62f62261a04ebc3eb9d0c","PROMOTE_EXACT_RAW_USD_PRICE","PRICE_RESEARCH_ADMISSION_NOT_ELIGIBLE","SOURCE_EXPLICIT_USD_MATCH","9100","USD","BREGUET_EXACT_USD","106"
"admission_cb972832338e8b1b80c5692a3aa92d422f3a7289db87aa73e30bed5681540deb","f412f8cbc048269f32896a47c05af33a36059c811901a56ff6327baccc236978","PROMOTE_EXACT_RAW_USD_PRICE","PRICE_RESEARCH_ADMISSION_NOT_ELIGIBLE","SOURCE_EXPLICIT_USD_MATCH","12600","USD","BREGUET_EXACT_USD","107"
"admission_6b432fdef4351a91e0ae95ee008c01b451cd8c8574f13210f8320435542a9901","5f61efd5e62d66f4e580cd7387dbee8944de3f338ebfe1e8739f8059a36998db","PROMOTE_EXACT_RAW_USD_PRICE","PRICE_RESEARCH_ADMISSION_NOT_ELIGIBLE","SOURCE_EXPLICIT_USD_MATCH","8600","USD","BREGUET_IQR_OUTLIER_COHORT","2"
"admission_76a3083f571435c7be52dc72ee698936dbcd4fcf19192dedca3dddcaaf7e0c97","6f46cdc03e77410ecf839fb266a105abd8c6863eacc6868a2a4cf057b11f5eb7","PROMOTE_EXACT_RAW_USD_PRICE","PRICE_RESEARCH_ADMISSION_NOT_ELIGIBLE","SOURCE_EXPLICIT_USD_MATCH","10900","USD","BREGUET_EXACT_USD","109"
"admission_c659475101a14cf6729f11bf8277a931efd636c65bb1df7b461521e787d5066a","499c79bf8d8eaeb3fb05cb260bf3015ec68befb4894da2f47ae47b256ee68b96","PROMOTE_EXACT_RAW_USD_PRICE","PRICE_RESEARCH_ADMISSION_NOT_ELIGIBLE","SOURCE_EXPLICIT_USD_MATCH","8500","USD","BREGUET_IQR_OUTLIER_COHORT","2"
"admission_d65fac84e6b10d86581b5cdc7139cb8ecbe6c45586490657b551b0d9b5bc6bc9","a0528736e22e936eaf2869c469082862b77884dbb61876f5705a6af71e2f09c9","PROMOTE_EXACT_RAW_USD_PRICE","PRICE_RESEARCH_ADMISSION_NOT_ELIGIBLE","SOURCE_EXPLICIT_USD_MATCH","11000","USD","BREGUET_EXACT_USD","111"
"admission_c68fd0e6b32c2598e3bd89c50f34e8b5b27c35698854aaa5d942a2db71d43cf4","2ee9502795b41be8c705cc6009166135569b0fd89debec5a0f4007dcaa95e0dd","PROMOTE_EXACT_RAW_USD_PRICE","PRICE_RESEARCH_ADMISSION_NOT_ELIGIBLE","SOURCE_EXPLICIT_USD_MATCH","10700","USDT","BREGUET_EXACT_USD","112"
"admission_74ba9d126dafcb7ce93ffab66769934938493ccd2e5e3f729c67b151e1cc612a","e9387247c05ee2cb69280b6e0ed2868fd996f1ffed812a4d033606c5297ebb3a","PROMOTE_EXACT_RAW_USD_PRICE","PRICE_RESEARCH_ADMISSION_NOT_ELIGIBLE","SOURCE_EXPLICIT_USD_MATCH","8500","USD","BREGUET_IQR_OUTLIER_COHORT","2"
"admission_e6c6d15fcffbe1a5c014b83b2d8675889e7252e80fd60e7775ff3e4ab11a83a7","674c367944e384b094a26f7fafc4d2eb111ef9321dd7b695423bbda6296fbf5c","PROMOTE_EXACT_RAW_USD_PRICE","PRICE_RESEARCH_ADMISSION_NOT_ELIGIBLE","SOURCE_EXPLICIT_USD_MATCH","8500","USD","BREGUET_IQR_OUTLIER_COHORT","2"
"admission_207a9abc2aa5ba5792819fdd29ffee8b0f1fdae9be648f297cd7578a2651fe6b","24d33f25caecd480c0e27dad872b5487e5a249a7ffd2b8e4c4a8aec27b3f5fa7","PROMOTE_EXACT_RAW_USD_PRICE","PRICE_RESEARCH_ADMISSION_NOT_ELIGIBLE","SOURCE_EXPLICIT_USD_MATCH","13300","USD","BREGUET_EXACT_USD","115"
"admission_7b184a853cd6242530e65e7462030692fba0c512b04e4a86e5667ef827991265","d260c12dc4fe9d8af2407eaa27508a25de6591df0f3e711beb40705c33825909","PROMOTE_EXACT_RAW_USD_PRICE","PRICE_RESEARCH_ADMISSION_NOT_ELIGIBLE","SOURCE_EXPLICIT_USD_MATCH","12000","USD","BREGUET_EXACT_USD","116"
"admission_b34f0ee79dfff8607362dae357e49b8601894237bba62edd2e7c2a93f38a05df","1c3fe26b8de4db6ea353f5e69838567257928e31fe81e37b44418e9aeb8bcb9c","PROMOTE_EXACT_RAW_USD_PRICE","PRICE_RESEARCH_ADMISSION_NOT_ELIGIBLE","SOURCE_EXPLICIT_USD_MATCH","60000","USDT","BREGUET_EXACT_USD","117"
"admission_ea615e2dd383da6f26afd4f1c7c670c06822e489ce8ede8df68131731155e266","c38bc5c9b76ce331448bbc41b65c01035944dc530f3cab53301abf8432ff89ad","PROMOTE_EXACT_RAW_USD_PRICE","PRICE_RESEARCH_ADMISSION_NOT_ELIGIBLE","SOURCE_EXPLICIT_USD_MATCH","13000","USD","BREGUET_EXACT_USD","118"
"admission_dd255501edb183e42a78c5872c6fbe8e5aec2144cb40a2cd707ccb73f5499fde","e33a6cb09eacc1ed571a29e8507ff4dad0baa180a5aae95897c5a7a950636a0a","PROMOTE_EXACT_RAW_USD_PRICE","PRICE_RESEARCH_ADMISSION_NOT_ELIGIBLE","SOURCE_EXPLICIT_USD_MATCH","8200","USD","BREGUET_EXACT_USD","119"
"admission_277714de39356f2aae7f3bff54ea088657ad2b44629bcbbaed8a54d6ac7971e7","e6d6f3987de31e8f19d1cd42c6b9b06d783ac8cddccb10b8bde4075a3c3dda94","PROMOTE_EXACT_RAW_USD_PRICE","PRICE_RESEARCH_ADMISSION_NOT_ELIGIBLE","SOURCE_EXPLICIT_USD_MATCH","12300","USD","BREGUET_EXACT_USD","120"
"admission_07cb5c1ed396a98a6ad38602932303824d836414ae34dc67ba8db5691374cf3f","620ae2d938e08fbd3b9963d9d35d6d947c336b85373f464ca03369b9c632c452","PROMOTE_EXACT_RAW_USD_PRICE","PRICE_RESEARCH_ADMISSION_NOT_ELIGIBLE","SOURCE_EXPLICIT_USD_MATCH","12700","USD","BREGUET_EXACT_USD","121"
"admission_ddd31834bedaccad3bd71ae1da40481e1446d0d9490d3bf06520ebbe9fe6b3eb","240dfef75fe8c25efc3ecc5ebd965429676cb633ad41d1f4eb5dbe5f10043267","PROMOTE_EXACT_RAW_USD_PRICE","PRICE_RESEARCH_ADMISSION_NOT_ELIGIBLE","SOURCE_EXPLICIT_USD_MATCH","7800","USD","BREGUET_EXACT_USD","122"
"admission_7ef7e7f06198e23f0994207c4b2fed3e726419657629f9880521ddf3f0f57d23","05584983fe88a5cf92d8a19306456b788d3e67f6c1bdee72d408eaee0017ef70","PROMOTE_EXACT_RAW_USD_PRICE","PRICE_RESEARCH_ADMISSION_NOT_ELIGIBLE","SOURCE_EXPLICIT_USD_MATCH","16400","USD","BREGUET_EXACT_USD","123"
"admission_05368693e2538c2b0971533b7405df8bb2d4f62d0bbe8bc4c5e1abb355089d4f","e4f8a6e4e7ed6fa384049bf168ea1a19d187168bca31c397bb2adeed17f4cdd3","PROMOTE_EXACT_RAW_USD_PRICE","PRICE_RESEARCH_ADMISSION_NOT_ELIGIBLE","SOURCE_EXPLICIT_USD_MATCH","16600","USD","BREGUET_EXACT_USD","124"
"admission_7063bdeba5f8bbee2d2d013e6771258e50062f2b3bb40d43a3ccc2464c675333","803591aece983091f4ff1b372790074b814339e3042c7ecc2e1e8c767294b520","PROMOTE_EXACT_RAW_USD_PRICE","PRICE_RESEARCH_ADMISSION_NOT_ELIGIBLE","SOURCE_EXPLICIT_USD_MATCH","9900","USD","BREGUET_EXACT_USD","125"
"admission_b435cddb1c0aad1e8fc635dc3236b3ccb365c9a250e3d7ad116bcf3281f09fae","7f291e6d4daca9dcd3f51618ddbc9ec5d910ab4a7998bb097e81c7c463cd449c","PROMOTE_EXACT_RAW_USD_PRICE","PRICE_RESEARCH_ADMISSION_NOT_ELIGIBLE","SOURCE_EXPLICIT_USD_MATCH","23170","USD","BREGUET_EXACT_USD","126"
"admission_712b167791044c8a13f8ea8db86ab2a0104e48992216a852f2bccfc83655af32","513f98e142f0b8fbd5a8c28b1612d03cdffd5f4a94df8d9684c0b20fc333f995","PROMOTE_EXACT_RAW_USD_PRICE","PRICE_RESEARCH_ADMISSION_NOT_ELIGIBLE","SOURCE_EXPLICIT_USD_MATCH","7100","USD","BREGUET_EXACT_USD","127"
"admission_d2ed6ba0173a5bb0729708dfc039ac0f85bfa7589a9363a3e096980919a8b9b2","cdd284a220efd43e3efe000ff3976d2f38bc14ecf2f403b5e13d90296cbd9eb1","PROMOTE_EXACT_RAW_USD_PRICE","PRICE_RESEARCH_ADMISSION_NOT_ELIGIBLE","SOURCE_EXPLICIT_USD_MATCH","21100","USD","BREGUET_EXACT_USD","128"
"admission_c007b8fdb38f7a937b04cc8ea2c44c250d2cb1f6149c6bd94a058646d684dec3","4010f2e70300f366a23449b9f1a3054ca239458187375895634f54dfe4dbb023","PROMOTE_EXACT_RAW_USD_PRICE","PRICE_RESEARCH_ADMISSION_NOT_ELIGIBLE","SOURCE_EXPLICIT_USD_MATCH","16200","USD","BREGUET_EXACT_USD","129"
"admission_4c26e9514f73fab6f3240e20e27bc7c552d848cb269b25f0f09adcd19b985e9b","692d8ae368e62cf704f1d5848f7ec87c1558656093970becc936a49ea7d46c6c","PROMOTE_EXACT_RAW_USD_PRICE","PRICE_RESEARCH_ADMISSION_NOT_ELIGIBLE","SOURCE_EXPLICIT_USD_MATCH","16200","USD","BREGUET_EXACT_USD","130"
"admission_01319be2143d420744bd46419eae1be62c444e72f811468ca00cf0222c164cad","a74534e2ddc39e480e147ea23f4a031468275cf7bbae3fc0a94bac91c75c356d","PROMOTE_EXACT_RAW_USD_PRICE","PRICE_RESEARCH_ADMISSION_NOT_ELIGIBLE","SOURCE_EXPLICIT_USD_MATCH","7200","USD","BREGUET_EXACT_USD","131"
"admission_d4393e9ae2aad0b1f7f84d78ee27f08df54673fc5f8d00b9bac7fc2dff062212","1092cd65fc2e0b800c0e8fa98721444d16d1de089cc8e9e179a761cdda55bfe2","PROMOTE_EXACT_RAW_USD_PRICE","PRICE_RESEARCH_ADMISSION_NOT_ELIGIBLE","SOURCE_EXPLICIT_USD_MATCH","15500","USD","BREGUET_EXACT_USD","132"
"admission_07cc40fcf3ad19f7234bd59b6e05c084daa6e97c3df3daaea37903c83127af31","74737e46f6a5da6ea061c0f4f1b716108dc5155e407ec13ec141bc2cff57e135","PROMOTE_EXACT_RAW_USD_PRICE","PRICE_RESEARCH_ADMISSION_NOT_ELIGIBLE","SOURCE_EXPLICIT_USD_MATCH","18300","USD","BREGUET_EXACT_USD","133"
"admission_0bacc42ca3382690b4510af68ce32a0919962b1bc3b421dabecb0ca3be9faafb","56b5003d229e4e3b46f2aae81862e7c6120df6e2e6890761f9554fa52e4ab683","PROMOTE_EXACT_RAW_USD_PRICE","PRICE_RESEARCH_ADMISSION_NOT_ELIGIBLE","SOURCE_EXPLICIT_USD_MATCH","16200","USD","BREGUET_EXACT_USD","134"
"admission_f986e751ed5f79bd1f0ffc8e6b6a49657c9b9af1295922bb4eb91b085f3473c1","6cf70c21d7598412af5cc88b2b29e74589f31245d91a02fa0f0f54d55d187d70","PROMOTE_EXACT_RAW_USD_PRICE","PRICE_RESEARCH_ADMISSION_NOT_ELIGIBLE","SOURCE_EXPLICIT_USD_MATCH","11600","USD","BREGUET_EXACT_USD","135"
"admission_3684065538e1b5013c88d78368426680ef853335d4a1a69dad6f0ee5066282ff","f0e74f7cec065bca471b43478bbb21bf0e2e7df524c78a8ae9adf2dc88da2bc0","PROMOTE_EXACT_RAW_USD_PRICE","PRICE_RESEARCH_ADMISSION_NOT_ELIGIBLE","SOURCE_EXPLICIT_USD_MATCH","9200","USD","BREGUET_EXACT_USD","136"
"admission_8b9bd23659b963f2b79d2d26898955d7c432839a5fa1650f982ef61d7ac26a0c","60e57cc0e97979f73f4d9fb0fb30f47e7555e84c9466a24a295a5bf1969b9f73","PROMOTE_EXACT_RAW_USD_PRICE","PRICE_RESEARCH_ADMISSION_NOT_ELIGIBLE","SOURCE_EXPLICIT_USD_MATCH","11300","USD","BREGUET_EXACT_USD","137"
"admission_76880258619fe9e14e87ecc13e1e535ca752dfa85ec81177337627accd02c986","131c16958f351f97ab2432038fa272fb7c4842fbd27e1a2617d4e85b348ee506","PROMOTE_EXACT_RAW_USD_PRICE","PRICE_RESEARCH_ADMISSION_NOT_ELIGIBLE","SOURCE_EXPLICIT_USD_MATCH","19000","USDT","BREGUET_EXACT_USD","138"
"admission_3e7af2636ac1f770f95056095d45fb1c8735381249ffc4ddddc491addecf2af5","1717b71ffec72162a710ae2c84898e3bbecf4a2f38d6585c87102136d8e33e2e","PROMOTE_EXACT_RAW_USD_PRICE","PRICE_RESEARCH_ADMISSION_NOT_ELIGIBLE","SOURCE_EXPLICIT_USD_MATCH","7600","USD","BREGUET_EXACT_USD","139"
"admission_f41a2551efd2781daaae70451cf6125088dd839e0192af6bf7069e5dc5bf4992","76d20074251d9732839ee49cbcdbd08e703640d1e58cd4b51d745bef6203f74f","PROMOTE_EXACT_RAW_USD_PRICE","PRICE_RESEARCH_ADMISSION_NOT_ELIGIBLE","SOURCE_EXPLICIT_USD_MATCH","11300","USD","BREGUET_EXACT_USD","140"
"admission_9e15401162d72cc42fb9ac0890071087e189fcce759d5e42a1462d8f53ee8670","4c9ce3178014dd406e0ce452c98d3e507fa094639c050fbd32a5de2641bb0231","PROMOTE_EXACT_RAW_USD_PRICE","PRICE_RESEARCH_ADMISSION_NOT_ELIGIBLE","SOURCE_EXPLICIT_USD_MATCH","14200","USD","BREGUET_EXACT_USD","141"
"admission_11d36d861775a3a648b319b63e23d23a92d8c69b4ddc5a161b42eea2bc5a2ca7","0bc76024d4213cea85ead24d1118e753139b66926ecb9ddb12869f02051a4cc8","PROMOTE_EXACT_RAW_USD_PRICE","PRICE_RESEARCH_ADMISSION_NOT_ELIGIBLE","SOURCE_EXPLICIT_USD_MATCH","24300","USD","BREGUET_EXACT_USD","142"
"admission_bb38613a8183ec18171bd16d4f7123e07ee5652086a4704f3cc38e100f3c79e2","8e3d440068fdb6bb09ebe5a15bb0a07c74329600da7a4c60dd5810a51548ade3","PROMOTE_EXACT_RAW_USD_PRICE","PRICE_RESEARCH_ADMISSION_NOT_ELIGIBLE","SOURCE_EXPLICIT_USD_MATCH","5900","USD","BREGUET_EXACT_USD","143"
"admission_7c0b375920eb98b1f4fb170e740c8cab701e4bb5d8575998c08e1d7bc8419ee2","6714947eb7464db4c6bbfafbaa82a1d5bcf6feeb6a5f2c66dccb01c02addbba6","PROMOTE_EXACT_RAW_USD_PRICE","PRICE_RESEARCH_ADMISSION_NOT_ELIGIBLE","SOURCE_EXPLICIT_USD_MATCH","93000","USDT","BREGUET_EXACT_USD","144"
"admission_c7c30206c34710e7c5136836e2425e19de0122ebe9586f16298c0cd63a329629","5602e072a81e47e44e5efaa523cf81c02006d04d3638fa85259f3972255e11e5","PROMOTE_EXACT_RAW_USD_PRICE","PRICE_RESEARCH_ADMISSION_NOT_ELIGIBLE","SOURCE_EXPLICIT_USD_MATCH","16300","USD","BREGUET_EXACT_USD","145"
"admission_840fb5d5fd61141ea8aa1a45c9f40a61d7a5ccfaa4cfe1a52219bf49b289c3bf","d1de6af8983e84bf9efae4d8939f3c3a8f7c1e6e3fe569b12d9f9f13efd14fc8","PROMOTE_EXACT_RAW_USD_PRICE","PRICE_RESEARCH_ADMISSION_NOT_ELIGIBLE","SOURCE_EXPLICIT_USD_MATCH","13900","USD","BREGUET_EXACT_USD","146"
"admission_2d4411f2259b92c168f19386db6d5566120d89bfcda173fed31e4da9d39bff6b","8ffb1e2a4d08ad1623697f185f5f6ffc51d54a8100ac0d4703f43dec821e2e72","PROMOTE_EXACT_RAW_USD_PRICE","PRICE_RESEARCH_ADMISSION_NOT_ELIGIBLE","SOURCE_EXPLICIT_USD_MATCH","8700","USD","BREGUET_EXACT_USD","147"
"admission_bdc3afe7084f7d1288a17cec926896eca3854b4ec0701a66ed2783a3d858d49c","0255d97a6f8a97dc4e31e748701700828436628d4161cf4c644b6322b8585cc8","PROMOTE_EXACT_RAW_USD_PRICE","PRICE_RESEARCH_ADMISSION_NOT_ELIGIBLE","SOURCE_EXPLICIT_USD_MATCH","120000","USD","BREGUET_EXACT_USD","148"
"admission_49ba613e7780792b1d354adec26704246228dad3d8e11e09cb9e3655cb1a5d4d","d9dec35e25abb06dafe4e57a19a2bd76201671ff8c72eaafa3824feee65787cd","PROMOTE_EXACT_RAW_USD_PRICE","PRICE_RESEARCH_ADMISSION_NOT_ELIGIBLE","SOURCE_EXPLICIT_USD_MATCH","14000","USD","BREGUET_EXACT_USD","149"
"admission_7aea3034e905c0dd720cbb18bf13b305db5a17cb46101ac4d6c27d86eec01c43","ad4876fd7ee2fc4a30b827914486cc6546093bbe02ea92bb6976af5bce4a783b","PROMOTE_EXACT_RAW_USD_PRICE","PRICE_RESEARCH_ADMISSION_NOT_ELIGIBLE","SOURCE_EXPLICIT_USD_MATCH","19800","USD","BREGUET_EXACT_USD","150"
"admission_75eb2c3323a481912d5ae9763fca3724741b204950bb1fc0f1e72031bfcaf907","77a3b62eea19e8b5551fdd75d18643103e7c610d6da611194b0b4ca64bbcffb4","PROMOTE_EXACT_RAW_USD_PRICE","PRICE_RESEARCH_ADMISSION_NOT_ELIGIBLE","SOURCE_EXPLICIT_USD_MATCH","14600","USD","BREGUET_EXACT_USD","151"
"admission_7ea312e7f2cb19559cd245c5dd4584ac1032ce18f542231ba8bdfd7d765fa9c6","98429c79bb2a74c1061974814a03467c4ffcce7077ec0bff745a03302ea513c1","PROMOTE_EXACT_RAW_USD_PRICE","DATED_FX_PROVENANCE_REQUIRES_EXISTING_SIDECAR","SOURCE_EXPLICIT_USD_MATCH","28000","USDT","BREGUET_EXACT_USD","152"
"admission_cdadad2ba0994e348ec97a1fc353350fafc842ad67a4e4fc0ab642005d99dbb1","01e6b2ecb78b575cb448ab3224091884cb4a2a90c20440a97d1056654583c924","PROMOTE_EXACT_RAW_USD_PRICE","PRICE_RESEARCH_ADMISSION_NOT_ELIGIBLE","SOURCE_EXPLICIT_USD_MATCH","17000","USD","BREGUET_EXACT_USD","153"
"admission_8b6d22cee2c6ec8735821f42d97cd7e477a9f8144956d96658ea9fd4ffc8719b","aaa6ea7d3f00c5025c36b85d8a2750db64c9a8b9744f6f7f5e8817d2eda4af52","PROMOTE_EXACT_RAW_USD_PRICE","PRICE_RESEARCH_ADMISSION_NOT_ELIGIBLE","SOURCE_EXPLICIT_USD_MATCH","118000","USDT","BREGUET_EXACT_USD","154"
"admission_2b54672829eced6441b671379aa99f4a84690f14acafa7fd4888621a8ba369d7","76acffe9bacd93fe7281d402240a20c6f74da5dfd1a24643d6ef42a1351ea083","PROMOTE_EXACT_RAW_USD_PRICE","PRICE_RESEARCH_ADMISSION_NOT_ELIGIBLE","SOURCE_EXPLICIT_USD_MATCH","46500","USD","BREGUET_EXACT_USD","155"
"admission_1a1bff079736badb3f4d1c2d526ffbdda41e3a00ed2dfe93ab2c51eaed5ae577","93c37b80ba4888c56b89ccc7ef3bcd4d7d22d9e95a3395a8e448f2a76b480a25","PROMOTE_EXACT_RAW_USD_PRICE","PRICE_RESEARCH_ADMISSION_NOT_ELIGIBLE","SOURCE_EXPLICIT_USD_MATCH","7900","USD","BREGUET_EXACT_USD","156"
"admission_16d280ec17b13597a4a3c81ea1be61d278ac8224a25167aa0a85e3a13e612541","b71f0bb9961cd3e42a9996b5d4673ac64b300920053983bfa928b7f7dad67b6d","PROMOTE_EXACT_RAW_USD_PRICE","PRICE_RESEARCH_ADMISSION_NOT_ELIGIBLE","SOURCE_EXPLICIT_USD_MATCH","12200","USD","BREGUET_EXACT_USD","157"
"admission_505b0ee14b745e6b3585711c2ea8109aad9d6f19c9bdc3524947af6682de0533","f8bcf54b6e4cdc4cbbed888cd42b872adef4dd3c060cfe748663ea5516322bab","PROMOTE_EXACT_RAW_USD_PRICE","PRICE_RESEARCH_ADMISSION_NOT_ELIGIBLE","SOURCE_EXPLICIT_USD_MATCH","14100","USD","BREGUET_EXACT_USD","158"
"admission_d6ab53299b225b7e4e05019b21378221f77e46a0aaba12e467310f397f2cbd63","cc09d0589fa5447d5aa6d2abfacaea4ae713dc28fe6f63235b84ccaab1bf9190","PROMOTE_EXACT_RAW_USD_PRICE","PRICE_RESEARCH_ADMISSION_NOT_ELIGIBLE","SOURCE_EXPLICIT_USD_MATCH","12200","USD","BREGUET_EXACT_USD","159"
"admission_89f1f6083bc26756aaf77c825fc1869699291cc969075255d797c3d166fc754a","271ed248d3d9a4d180f663920c068951435b72e73ac451997f27705a05a9665a","PROMOTE_EXACT_RAW_USD_PRICE","PRICE_RESEARCH_ADMISSION_NOT_ELIGIBLE","SOURCE_EXPLICIT_USD_MATCH","315000","USDT","BREGUET_EXACT_USD","160"
"admission_f418a9672f08aec92e68539b1aeb68f8e83974b3edcd388aa8d874feff9959f3","72941d6fdcd2a10d57c4f4559b5e54d70930f9476ac4d67f5ab61611a650f7f6","PROMOTE_EXACT_RAW_USD_PRICE","PRICE_RESEARCH_ADMISSION_NOT_ELIGIBLE","SOURCE_EXPLICIT_USD_MATCH","19800","USD","BREGUET_EXACT_USD","161"
"admission_60606844b806822b193fea59adf7305bdc586eaedd82804445bdf297b7ca38ab","d70eaa08c9cb3c42688e985e6c7c0bcfd8278c6fd88356e7dc3c001ff852e60c","PROMOTE_EXACT_RAW_USD_PRICE","PRICE_RESEARCH_ADMISSION_NOT_ELIGIBLE","SOURCE_EXPLICIT_USD_MATCH","12600","USD","BREGUET_EXACT_USD","162"
"admission_93c1273ad1b00a4191aaa67812611458730eb26684108608512851845c036b14","627c040ebe5009c5f2a2487682f791558d1934a92645ccb6d21cd3f7b37c47cd","PROMOTE_EXACT_RAW_USD_PRICE","PRICE_RESEARCH_ADMISSION_NOT_ELIGIBLE","SOURCE_EXPLICIT_USD_MATCH","24100","USD","BREGUET_IQR_OUTLIER_COHORT","2"
"admission_d80989c5a55d25dab4eb5a6486d93feae1240985e1de6f0ac8db221919c15b9b","c15fd1c1ad608ba50555b16f015dae3061a6528019d432a2ea4ec2042623a56c","PROMOTE_EXACT_RAW_USD_PRICE","PRICE_RESEARCH_ADMISSION_NOT_ELIGIBLE","SOURCE_EXPLICIT_USD_MATCH","8600","USD","BREGUET_EXACT_USD","164"
"admission_40d6b38eada5a6c6e273456e723ba61417fe917f1777100b1794a09ef0fd76fd","24a492d397e78a290de3768a3f6a7d317577873f04d4e3b947c40780e1c8c527","PROMOTE_EXACT_RAW_USD_PRICE","PRICE_RESEARCH_ADMISSION_NOT_ELIGIBLE","SOURCE_EXPLICIT_USD_MATCH","12200","USD","BREGUET_EXACT_USD","165"
"admission_77afe847b562fe78f36f201ad32f36e1e8fa3493161ee334c9ab69289108e73f","194546fdf40af23ca24d87331495f6c78f9cd46acf457dd52f165f190ff3e40b","PROMOTE_EXACT_RAW_USD_PRICE","PRICE_RESEARCH_ADMISSION_NOT_ELIGIBLE","SOURCE_EXPLICIT_USD_MATCH","14800","USD","BREGUET_EXACT_USD","166"
"admission_e6c2b946d9f61920895f1d44d3c4236463aa05e09e2d4f4a8479bb1cf03a3c0a","7c61a4a594c16043ec59a7b69bb32f4eff4f8cecd19003b27f86e844134e99fe","PROMOTE_EXACT_RAW_USD_PRICE","PRICE_RESEARCH_ADMISSION_NOT_ELIGIBLE","SOURCE_EXPLICIT_USD_MATCH","12200","USD","BREGUET_EXACT_USD","167"
"admission_7e3a269f761ad30c7b98a0b6f275230eb12cb4d7728956bb93d1155c4c199893","6548a0a0aa01e164adcacfb19ca23ea858b1f91909b742b5c95ed090759a6792","PROMOTE_EXACT_RAW_USD_PRICE","PRICE_RESEARCH_ADMISSION_NOT_ELIGIBLE","SOURCE_EXPLICIT_USD_MATCH","80000","USDT","BREGUET_EXACT_USD","168"
"admission_237f59ad3b51afcfa1b3480cb1bb44d81b80b925881b1a59ca2bee247cb7c810","8edf357f042b8ff73ceebee8ea7d79cc4fd58367c3f0248dac1b7aa67e0d2805","PROMOTE_EXACT_RAW_USD_PRICE","PRICE_RESEARCH_ADMISSION_NOT_ELIGIBLE","SOURCE_EXPLICIT_USD_MATCH","14800","USD","BREGUET_EXACT_USD","169"
"admission_217de239ba6536bd5760cc903e89241ed8f20d36af68cd347462e367b737c89d","74e176f3dd76f9191cdf79af90514a214f4878e99e9bf944473a84a9f0d57945","PROMOTE_EXACT_RAW_USD_PRICE","PRICE_RESEARCH_ADMISSION_NOT_ELIGIBLE","SOURCE_EXPLICIT_USD_MATCH","17000","USD","BREGUET_EXACT_USD","170"
"admission_d9b4e228be9be3db11d015e78d33ed33731f99fe44d83ad53e88a4e7351c32fd","16a263e08ce85d277df452d01f64ab17a8c41bfbb05ca88ec74a8eb944e3ec6e","PROMOTE_EXACT_RAW_USD_PRICE","PRICE_RESEARCH_ADMISSION_NOT_ELIGIBLE","SOURCE_EXPLICIT_USD_MATCH","11600","USD","BREGUET_EXACT_USD","171"
"admission_92488757fc8522cc2a3a3c8ddffac95cf9df3250b52436e50f50a4ce6fa6538c","e8556915b1ddc59ab7672d2f9b769275082fea67c189468f948cec303ccb8ca9","PROMOTE_EXACT_RAW_USD_PRICE","PRICE_RESEARCH_ADMISSION_NOT_ELIGIBLE","SOURCE_EXPLICIT_USD_MATCH","19400","USD","BREGUET_EXACT_USD","172"
"admission_acce428792ff8159e72d05947d01e576f754562eca9ff78f0d6980d3f594e14a","eac36ac03f34e5ab095aae570daa1c3f5488e135bc1ebd93e69b55fa2a1e70bd","PROMOTE_EXACT_RAW_USD_PRICE","PRICE_RESEARCH_ADMISSION_NOT_ELIGIBLE","SOURCE_EXPLICIT_USD_MATCH","12300","USD","BREGUET_EXACT_USD","173"
"admission_bd5ec09a1e00d9c7960fa71eff6386876eaeaab3378d5c6c9c5bcae2582ff872","cfa0846f8e478566a4e6c1c12d39047a6ca2e79d7710b2ec160a1c87bbe9ed96","PROMOTE_EXACT_RAW_USD_PRICE","PRICE_RESEARCH_ADMISSION_NOT_ELIGIBLE","SOURCE_EXPLICIT_USD_MATCH","35200","USD","BREGUET_EXACT_USD","174"
"admission_9b6354a1fda9a4a0e5e231bbe1fc6c24db591f5798376795242efa4f81ee7e99","e125e3c9c2da85b59dab440c7d72d5ab02f22d53df5febfb52f342d5432340f2","PROMOTE_EXACT_RAW_USD_PRICE","PRICE_RESEARCH_ADMISSION_NOT_ELIGIBLE","SOURCE_EXPLICIT_USD_MATCH","320000","USDT","BREGUET_EXACT_USD","175"
"admission_fa0722650afeb19761c1e1299fba9fb76b630b77d603f680c13af607953c1a5d","190f9e47c69484665a9bc5d428f50a079c064a76824f1a4fb5fcda5448073d4a","PROMOTE_EXACT_RAW_USD_PRICE","PRICE_RESEARCH_ADMISSION_NOT_ELIGIBLE","SOURCE_EXPLICIT_USD_MATCH","8900","USD","BREGUET_EXACT_USD","176"
"admission_f7bd25c867ba06b9e31e3d3c6ba88d73a8284c7c614dc883ea06a422cbb64e05","f7db493d06cc388774a3fc484d979bde7ba8619402ad04bce1dfe8508dbfb0a1","PROMOTE_EXACT_RAW_USD_PRICE","PRICE_RESEARCH_ADMISSION_NOT_ELIGIBLE","SOURCE_EXPLICIT_USD_MATCH","59700","USD","BREGUET_EXACT_USD","177"
"admission_41abde40fdc5a5d18db0b3f14516bc3cb40614be64cf01ca872a2c482b43cad2","dc0ad29fcf9f48940a04ac1bfe797bf0b8d8aa23caca7c5337f13975ea2340ff","PROMOTE_EXACT_RAW_USD_PRICE","PRICE_RESEARCH_ADMISSION_NOT_ELIGIBLE","SOURCE_EXPLICIT_USD_MATCH","37700","USD","BREGUET_EXACT_USD","178"
"admission_a534820f6500f6e77c7d946e5d0635df4f87ab8d05c57b755db5754551603fb3","7194f63669301eead9a64e51f0c6fde9a41fb5c47c9d0d75d37cf9fb5358f56c","PROMOTE_EXACT_RAW_USD_PRICE","PRICE_RESEARCH_ADMISSION_NOT_ELIGIBLE","SOURCE_EXPLICIT_USD_MATCH","59900","USD","BREGUET_EXACT_USD","179"
"admission_34703a014991a2b22c3652699c10a8fb4fdab60c5035533f7f847e4444e776cd","d379774a025a72a04402cc08c9ab95c240a8310ff3c554bddaa21b4901dd4aae","PROMOTE_EXACT_RAW_USD_PRICE","PRICE_RESEARCH_ADMISSION_NOT_ELIGIBLE","SOURCE_EXPLICIT_USD_MATCH","14400","USD","BREGUET_EXACT_USD","180"
"admission_7554d9707ecbb0f80a931ce01a23f6020855f197203dfa2773b47c19bbf0f9aa","1b27aee33d05d5b3c75f2b439fa21c24424b4bac06f6fdfe3f251dd97f2fc310","PROMOTE_EXACT_RAW_USD_PRICE","PRICE_RESEARCH_ADMISSION_NOT_ELIGIBLE","SOURCE_EXPLICIT_USD_MATCH","40400","USD","BREGUET_EXACT_USD","181"
"admission_51493c4c1ee74d4281615eec6f6863f5fa8dc0b56ca76f81b63e47a30882f6a5","e8268d691e95ac7e2b92a5f59cc2502631e61b02b76cfe2e038db0cd25ceb92f","PROMOTE_EXACT_RAW_USD_PRICE","PRICE_RESEARCH_ADMISSION_NOT_ELIGIBLE","SOURCE_EXPLICIT_USD_MATCH","40300","USD","BREGUET_EXACT_USD","182"
"admission_c6285cd7c27ce6883df608cec7c0c84c1128982b6cc0a3767f0ff7ddcca25ab9","bb71639332e1d77781670603ad84e6874c11f07fe9968e6fad6bbc2ecfd843ad","PROMOTE_EXACT_RAW_USD_PRICE","PRICE_RESEARCH_ADMISSION_NOT_ELIGIBLE","SOURCE_EXPLICIT_USD_MATCH","16800","USD","BREGUET_EXACT_USD","183"
"admission_30cefe9411dc09ac74f0e6eace05edd149e34635da5f9fb52db2e8ace547e1f8","d4a0d7962f80320f986d7d227f2db73053ceeafb8f02d8f41e6b66c947ecf7b3","PROMOTE_EXACT_RAW_USD_PRICE","PRICE_RESEARCH_ADMISSION_NOT_ELIGIBLE","SOURCE_EXPLICIT_USD_MATCH","21900","USD","BREGUET_EXACT_USD","184"
"admission_613fd623c7acf325ed06ffb222e3e6dcd66534bdfecdbe0c316e7a382831d1dc","4023ec6638aa5b8d09eea58771c6e49953bb4c2a2d9400834432e209cc6ed661","PROMOTE_EXACT_RAW_USD_PRICE","PRICE_RESEARCH_ADMISSION_NOT_ELIGIBLE","SOURCE_EXPLICIT_USD_MATCH","16400","USD","BREGUET_EXACT_USD","185"
"admission_b134ae72ab00f31149e90716cbc1de4018ad108896021756a35e05dbd0656c7e","0131abcd1af5d92688bbf886c68c77455848461d41dcae6cd5df8a7c226d3fdf","PROMOTE_EXACT_RAW_USD_PRICE","PRICE_RESEARCH_ADMISSION_NOT_ELIGIBLE","SOURCE_EXPLICIT_USD_MATCH","14800","USD","BREGUET_EXACT_USD","186"
"admission_877773b06172403111c1e38a8d601fcfad72d7b14fca9ba913797359f5f9b99b","f2f0b2cf9face81d8ad4bdfbe513d6910dac5bef49f0fc4dfef3973db436ba6f","PROMOTE_EXACT_RAW_USD_PRICE","PRICE_RESEARCH_ADMISSION_NOT_ELIGIBLE","SOURCE_EXPLICIT_USD_MATCH","14800","USD","BREGUET_EXACT_USD","187"
"admission_6b16e11db31a50c8405a719ecce169ddf711bc62635f0f05165767b50300ddc0","da28937fded013f3d29e1afa6a3ed4a3944b9c3d625ef69f6ffde795e64105fb","PROMOTE_EXACT_RAW_USD_PRICE","PRICE_RESEARCH_ADMISSION_NOT_ELIGIBLE","SOURCE_EXPLICIT_USD_MATCH","14000","USD","BREGUET_EXACT_USD","188"
"admission_79eff8e26b2296e5a91bfc8d90a67a2c8993363d863c2526866077ce2d4a081e","1c23e34f3491fe8ac2f228de64c24e137e9474cd0f56e4266bcea7b280db5459","PROMOTE_EXACT_RAW_USD_PRICE","PRICE_RESEARCH_ADMISSION_NOT_ELIGIBLE","SOURCE_EXPLICIT_USD_MATCH","41700","USD","BREGUET_EXACT_USD","189"
"admission_7d4a3ff3031aecbb4e3a930a673c448e73a8282107d5e30848f1fe477b0aa866","3a576138e85eeeb12b98d0fa6d3a384b0917b68f3f04b3321a703008822de081","PROMOTE_EXACT_RAW_USD_PRICE","PRICE_RESEARCH_ADMISSION_NOT_ELIGIBLE","SOURCE_EXPLICIT_USD_MATCH","42500","USD","BREGUET_EXACT_USD","190"
"admission_7f7639fb86b58e01db0f3fcd04855c85bf653d352aa2e8035ba76f55377861f4","207f2698425ce3ec51ac42d0bde0b3642d7e6383beda04ef5af478b13cb0ab7c","PROMOTE_EXACT_RAW_USD_PRICE","PRICE_RESEARCH_ADMISSION_NOT_ELIGIBLE","SOURCE_EXPLICIT_USD_MATCH","10300","USD","BREGUET_EXACT_USD","191"
"admission_46fcd08b1b502201982c9d4e387739b91bc84df373ee5934b8aaeba22f56963a","120357f159d2b114f3052a6c0972c5a40b6cead8a4892ac93b5e5fc6210040fe","PROMOTE_EXACT_RAW_USD_PRICE","PRICE_RESEARCH_ADMISSION_NOT_ELIGIBLE","SOURCE_EXPLICIT_USD_MATCH","23000","USD","BREGUET_EXACT_USD","192"
"admission_fd15954065f2fba9ba6e3bc131e1652b8973fb939831ce70b7d32ddd68174223","17914509cb0a4818b09f316c5adb7de3ba0ba4faf73c6c01ace35624a6d149a8","PROMOTE_EXACT_RAW_USD_PRICE","PRICE_RESEARCH_ADMISSION_NOT_ELIGIBLE","SOURCE_EXPLICIT_USD_MATCH","20300","USD","BREGUET_EXACT_USD","193"
"admission_a87f5a15727a0e422c66cf10ef4191abbddd14b165640f9b2d6026912ed8593a","c8f04b35f9009c43644177e2622cc347a1900b5da74524b7897f01644b13f528","PROMOTE_EXACT_RAW_USD_PRICE","PRICE_RESEARCH_ADMISSION_NOT_ELIGIBLE","SOURCE_EXPLICIT_USD_MATCH","24400","USD","BREGUET_EXACT_USD","194"
"admission_33b9cbe2c813ada22f36d6502c77424a6387b189866153d17248bf61e5137c50","942e369194e5fed61eaccb768b64e10ebe12983ee8da8783c4b92e4c8583c2b8","PROMOTE_EXACT_RAW_USD_PRICE","PRICE_RESEARCH_ADMISSION_NOT_ELIGIBLE","SOURCE_EXPLICIT_USD_MATCH","14200","USD","BREGUET_EXACT_USD","195"
"admission_482b904a2a663a288c9d7a32d0010b7b15cdf3b876182b4c5a496a90bf388fc2","d7884af0a46108e03a0508ac026aba0860cb827b55d66e24a2ad0bf2405bb5da","PROMOTE_EXACT_RAW_USD_PRICE","PRICE_RESEARCH_ADMISSION_NOT_ELIGIBLE","SOURCE_EXPLICIT_USD_MATCH","14200","USD","BREGUET_EXACT_USD","196"
"admission_e54638923458ca89b4a9dd44f848c1e7d2dd6725b9cb0eb6ca43d58120ad45a2","eb4c747bbf556a3dcb7137753964e3498b120a6b730f05b9cf062b33a663cd76","PROMOTE_EXACT_RAW_USD_PRICE","PRICE_RESEARCH_ADMISSION_NOT_ELIGIBLE","SOURCE_EXPLICIT_USD_MATCH","43000","USD","BREGUET_EXACT_USD","197"
"admission_649e6539679632b07daccb23f57fa397986ce36717c6e481906f637c95e8aec9","71e12698b2459837f6c7cd6c9d32745737735b1a646cb6cd9513c4aa30e472be","PROMOTE_EXACT_RAW_USD_PRICE","PRICE_RESEARCH_ADMISSION_NOT_ELIGIBLE","SOURCE_EXPLICIT_USD_MATCH","15800","USD","BREGUET_EXACT_USD","198"
"admission_ab222c0f1146c68d992e33df96d57f466d68df021c5f0847ab6b712c2aaf87d1","64bdb753c07d25a72cbe1599a6f65b227b0d6cbd9ba75c4225a75a879c7b5819","PROMOTE_EXACT_RAW_USD_PRICE","PRICE_RESEARCH_ADMISSION_NOT_ELIGIBLE","SOURCE_EXPLICIT_USD_MATCH","14200","USD","BREGUET_EXACT_USD","199"
"admission_0716ab47f08f0acbc46c37f7147f4e6c71687a10372c6f7d74589c3588bd7d9c","99e47c3878ae5733a3074473f77678a7e4aec67b43239a0d07585318ff469dbc","PROMOTE_EXACT_RAW_USD_PRICE","PRICE_RESEARCH_ADMISSION_NOT_ELIGIBLE","SOURCE_EXPLICIT_USD_MATCH","46300","USD","BREGUET_EXACT_USD","200"
"admission_f1854025a0993bdb23513a6a003e07f88df34bf070c86778e285a65b2edd7b9b","446b0551f91b171aff4b5fd220ee578c76b1b9ae4de24c2ee522c7ef7abc2ec8","PROMOTE_EXACT_RAW_USD_PRICE","PRICE_RESEARCH_ADMISSION_NOT_ELIGIBLE","SOURCE_EXPLICIT_USD_MATCH","18600","USD","BREGUET_EXACT_USD","201"
"admission_082d526541de8b293b0a1754c65bf036e1298382047e8bcbf9458ce16857016c","972cba6c7ea86e74be407186d053bc4bfce0ebd7598216b3929c6d0ca2fba21c","PROMOTE_EXACT_RAW_USD_PRICE","PRICE_RESEARCH_ADMISSION_NOT_ELIGIBLE","SOURCE_EXPLICIT_USD_MATCH","34200","USD","BREGUET_EXACT_USD","202"
"admission_3c613a7b646524335f4e2bcf515fdcb2760b8767578ef06472aba4c70d0f86ed","cebe88d40e901929cd689e895ad8496a90de0915419ea382f1d5d88b1833c2f1","PROMOTE_EXACT_RAW_USD_PRICE","PRICE_RESEARCH_ADMISSION_NOT_ELIGIBLE","SOURCE_EXPLICIT_USD_MATCH","34100","USD","BREGUET_EXACT_USD","203"
"admission_9eee44cd4f08c118ba3807f87e8e498f92ebf90cd54acc59aa1efa75a75cf24c","974c62203c6d1e593dabb3739aca050fe15c5911056b5b9b6bbebcb9e7ef63b2","PROMOTE_EXACT_RAW_USD_PRICE","PRICE_RESEARCH_ADMISSION_NOT_ELIGIBLE","SOURCE_EXPLICIT_USD_MATCH","41800","USD","BREGUET_EXACT_USD","204"
"admission_2a052b2b02f52e12e8ff0a514b4ba0ab59a024e350e25e74fae06d45129fb73d","15837de860ceaf64876cf8ea8220ddd4c9426f01d5259062b3895fb6a07f2d54","PROMOTE_EXACT_RAW_USD_PRICE","PRICE_RESEARCH_ADMISSION_NOT_ELIGIBLE","SOURCE_EXPLICIT_USD_MATCH","25000","USD","BREGUET_EXACT_USD","205"
"admission_cda030ab79a215d7657ad9fd48cd38a953acecd902ed809301d68b676e356a61","7cbe643bb0213b55ac7f8900c4f103a807b227b6efcbb1ae7226f939e850add0","PROMOTE_EXACT_RAW_USD_PRICE","PRICE_RESEARCH_ADMISSION_NOT_ELIGIBLE","SOURCE_EXPLICIT_USD_MATCH","12500","USD","BREGUET_EXACT_USD","206"
"admission_e5e2a1137856b0aa817b87f36ce2bd6e7075f09b80f23abed369fb105626c603","ab8a7b41b707135f407f40af14970b664f0cc527f5b24394ea27f829bb1b4e25","PROMOTE_EXACT_RAW_USD_PRICE","PRICE_RESEARCH_ADMISSION_NOT_ELIGIBLE","SOURCE_EXPLICIT_USD_MATCH","32100","USD","BREGUET_EXACT_USD","207"
"admission_e9065bc8aac684f25b85a42a02a2bac539d6f8f57c5c0d2b941ee74890ed5931","a49c3aa0b4c2fed70d56d5f2c9ab543c07cfa86570968baedcee07085b2d1a11","PROMOTE_EXACT_RAW_USD_PRICE","PRICE_RESEARCH_ADMISSION_NOT_ELIGIBLE","SOURCE_EXPLICIT_USD_MATCH","12500","USD","BREGUET_EXACT_USD","208"
"admission_b66a05f5c39b0c9809a519ceb9d52f4e90fb151b44ecbbd32d01d48ec8e6f3d9","71ba2a14683cbeb8a8cdfebdf6e35f6136026d0211799ba75fa6278323a5515a","PROMOTE_EXACT_RAW_USD_PRICE","PRICE_RESEARCH_ADMISSION_NOT_ELIGIBLE","SOURCE_EXPLICIT_USD_MATCH","32100","USD","BREGUET_EXACT_USD","209"
"admission_61612bdd2d75217283f76c4ee7922bd302455cfd0bfeb435e1d9a54f0db8b6a3","70845f5ac03ba4cf3e95b1aefaf31fe0adf64d0bf6425616cf8d5349aaa4d14c","PROMOTE_EXACT_RAW_USD_PRICE","PRICE_RESEARCH_ADMISSION_NOT_ELIGIBLE","SOURCE_EXPLICIT_USD_MATCH","25600","USD","FRANCK_EXACT_USD","1"
"admission_16b11a79ca70e797bce78ff20dd2a15b1b912ac48b059a0c4d824455ae1aeee4","a7c62d9a8f175bda728cdcd38d29a8ee16a9c6baf0312d2c5746cc1ab41d0866","PROMOTE_EXACT_RAW_USD_PRICE","PRICE_RESEARCH_ADMISSION_NOT_ELIGIBLE","SOURCE_EXPLICIT_USD_MATCH","290000","USDT","FRANCK_EXACT_USD","1"
