"listing_id","source_payload_sha256","action","expected_status","new_status","also_hold_price","expected_price_status","new_price_status","canary_category","canary_priority"
"admission_f0aad38006f18b12aa352b1bfc0ad305c6ebedbdb3133166220826b9558cdd04","292141b01e6362f4bb7164d73c7b13a0eb72eb4114fd751ac9b9935841132170","QUARANTINE_IDENTITY_CONFLICT","APPROVED_SINGLE_CANDIDATE","QUARANTINED_IDENTITY_CONFLICT","false","","","CATALOG_BRAND_CONFLICT","3"
"admission_9756e7a5aa9a2fcdbf2b2485169a13dc19d36dbde98cc8ade72f1a3ecf0b2655","daf6301a73cb88ee96d93ef31aec378b9d66a8d2c8443564a04d785eedc183ed","QUARANTINE_IDENTITY_CONFLICT","APPROVED_SINGLE_CANDIDATE","QUARANTINED_IDENTITY_CONFLICT","false","","","CATALOG_BRAND_CONFLICT","3"
"admission_eb6fa8e63b55e4190ee7a237c3aff1c90bf8aed7a6fede7dcb2743dbc7175945","848ae8bbb0adfba16eab45290cb33c939f45c76123f1bf709da7f25713c42a36","QUARANTINE_IDENTITY_CONFLICT","APPROVED_SINGLE_CANDIDATE","QUARANTINED_IDENTITY_CONFLICT","false","","","CATALOG_BRAND_CONFLICT","3"
"admission_ad0e1ba36bd18873b1c7cc83c03b624417b8d3b508d480020d58ab5b616eedcc","4b733e16ba7536091e449b07791a132c79d5001f814d0fa2209a41aa2481960c","QUARANTINE_IDENTITY_CONFLICT","APPROVED_SINGLE_CANDIDATE","QUARANTINED_IDENTITY_CONFLICT","false","","","CATALOG_BRAND_CONFLICT","3"
"admission_50a55e522cae18f5f8d371a5da27164ff81dd8a57e077dfc2e7e53c35217e4de","a08e70a8bd7a031bee05ac5a36d5d6ebda5900e271ae757dfacacd5e08756eca","QUARANTINE_IDENTITY_CONFLICT","APPROVED_SINGLE_CANDIDATE","QUARANTINED_IDENTITY_CONFLICT","false","","","CATALOG_BRAND_CONFLICT","3"
"admission_13c11496bdd1829983dea3f46aaa486fde1fc478f7610441249480afd7a4a0b4","d6a4676b0cfaa0411de6fe516b4942e648328da8196ae807a75eb901a38d9e4c","QUARANTINE_IDENTITY_CONFLICT","APPROVED_SINGLE_CANDIDATE","QUARANTINED_IDENTITY_CONFLICT","false","","","CATALOG_BRAND_CONFLICT","3"
"admission_767032d2b5acb9b365072b1ba086182f8811928a44f9a8daff62c9ae01a922da","e57296aa019e5f946ed1bec838932208236804ae832a797fda6c3188177b21cf","QUARANTINE_IDENTITY_CONFLICT","APPROVED_SINGLE_CANDIDATE","QUARANTINED_IDENTITY_CONFLICT","false","","","RAW_BRAND_CONFLICT","2"
"admission_5e52bbb17cb453d5f4fe43a718c4f221ee0ca3a12d8aac6894e0c3d2a32a47be","511703c0101927d4585d114d39a79df98ba601d4fe13b11cfa62658556996c78","QUARANTINE_IDENTITY_CONFLICT","APPROVED_SINGLE_CANDIDATE","QUARANTINED_IDENTITY_CONFLICT","false","","","CATALOG_BRAND_CONFLICT","3"
"admission_43462f268f7c74cae2361f9b374b1ee8624e6f794f04f15d6f95f7a21324a104","6e441eccb09ea2fb6508ac6fec42c6b356e784be3212bc7092e2310e9e07404f","QUARANTINE_IDENTITY_CONFLICT","APPROVED_SINGLE_CANDIDATE","QUARANTINED_IDENTITY_CONFLICT","false","","","CATALOG_BRAND_CONFLICT","3"
"admission_cdd9c7e04a06ea878e08e2ced58f602cbad4627e1a68c797ee443412c2b1de8a","8261b84cd533e5a9a40a4d0de85b96f0ea6131427f4dd547364f1573cbae1bb7","QUARANTINE_IDENTITY_CONFLICT","APPROVED_SINGLE_CANDIDATE","QUARANTINED_IDENTITY_CONFLICT","false","","","CATALOG_BRAND_CONFLICT","3"
"admission_c7f7daafe99a56904f8312d8f2a1bce381cb2cc89a61554ef9b54f1c4bf30a48","cedffb770c09139911a6545ce327682208607312fcf88b8050bcec4e871f1c7a","QUARANTINE_IDENTITY_CONFLICT","APPROVED_SINGLE_CANDIDATE","QUARANTINED_IDENTITY_CONFLICT","false","","","CATALOG_BRAND_CONFLICT","3"
"admission_39884d2253f30cfdb09b70f1a4afe38ce653f90fb957ac0d4647f6cd6f038327","fef85c82b32496ce80de72e59d0947479b0927f0f4c606c986777c4c2ffab172","QUARANTINE_IDENTITY_CONFLICT","APPROVED_SINGLE_CANDIDATE","QUARANTINED_IDENTITY_CONFLICT","false","","","CATALOG_BRAND_CONFLICT","3"
"admission_058bd8b3049ea1d8b78c4c7e8a43c50e471e045f74a332726d9e09dcb300d92d","d91e949d16254051aaedf5f92cb65fa496ced7559623e405d2793ff9fc86169e","QUARANTINE_IDENTITY_CONFLICT","APPROVED_SINGLE_CANDIDATE","QUARANTINED_IDENTITY_CONFLICT","false","","","CATALOG_BRAND_CONFLICT","3"
"admission_73142fe25b0bb61f761fdc690d3cb272a46f2bc9ff37f5e2821ff15a39db600c","4242422683402f245c7e3c0716de3eb2d0b1626577d39b98c5ad5996c81d6eb4","QUARANTINE_IDENTITY_CONFLICT","APPROVED_SINGLE_CANDIDATE","QUARANTINED_IDENTITY_CONFLICT","false","","","CATALOG_BRAND_CONFLICT","3"
"admission_49f4616214d1daa1d7aa66c28c1d6e3a6219597c8da8aba31d22077aa4949df9","665b4f9f52bb5879d471f56525e2576363a4fb5d767e8a822b700cab41b00709","QUARANTINE_IDENTITY_CONFLICT","APPROVED_SINGLE_CANDIDATE","QUARANTINED_IDENTITY_CONFLICT","false","","","CATALOG_BRAND_CONFLICT","3"
"admission_4d2f7651bce36ebc3bdedcb9f7c7b99764fd4f53ff9f6d80fd49b446abde16e1","768217ddd39fc99d50cc48714613337bd8cbe35fd58c7c61b6454976f5cd477b","QUARANTINE_IDENTITY_CONFLICT","APPROVED_SINGLE_CANDIDATE","QUARANTINED_IDENTITY_CONFLICT","false","","","RAW_BRAND_CONFLICT","2"
"admission_d1caf304ee2e53a74acb59b2ee80bf8f6127417cc0e31884cc36ddcd66c9cdd1","ed4be44562706b2e8c45293e29a67788fe43f31731f153adfedaaababfff41ab","QUARANTINE_IDENTITY_CONFLICT","APPROVED_SINGLE_CANDIDATE","QUARANTINED_IDENTITY_CONFLICT","false","","","CATALOG_BRAND_CONFLICT","3"
"admission_ddd5a9edc94d6a3fe9fa465bad25a5be2dd56f2366c725f75de0100b71b6eb24","72ed8a744627aa4e929cb3ebca9f055b6339b9faf249f88be99cea56fa58d1c1","QUARANTINE_IDENTITY_CONFLICT","APPROVED_SINGLE_CANDIDATE","QUARANTINED_IDENTITY_CONFLICT","false","","","CATALOG_BRAND_CONFLICT","3"
"admission_17357ba3d849132d6cfb0a9fa63ebe3228685735bf96c1b6ae2e81b66ef2292a","863d490e1236d0f7a07a15b3c7e63ca5530160177d5e4e106f2c422cd12ce05d","QUARANTINE_IDENTITY_CONFLICT","APPROVED_SINGLE_CANDIDATE","QUARANTINED_IDENTITY_CONFLICT","false","","","CATALOG_BRAND_CONFLICT","3"
"admission_668f55d0073ea6dc82e7e94911da849687464a97a523d01a7c7dc2c65964af8d","8f0687d952dde995e27832daa48700acf699c7fd8bbe2f748d68f11197811fb1","QUARANTINE_IDENTITY_CONFLICT","APPROVED_SINGLE_CANDIDATE","QUARANTINED_IDENTITY_CONFLICT","false","","","CATALOG_BRAND_CONFLICT","3"
"admission_e74191c7477c240d17a62e7525bd0e873c914f99b296f405a1e9164b8794e954","a97e41100eb2d1113b0079e58689baa8c5a2ec3224e5c762f39dd58d92816416","QUARANTINE_IDENTITY_CONFLICT","APPROVED_SINGLE_CANDIDATE","QUARANTINED_IDENTITY_CONFLICT","false","","","CATALOG_BRAND_CONFLICT","3"
"admission_de7f55c7e49512ba249808e903d23da3af0936df6486b696e718f26fa660d5b5","486231e4b0edd17fcd253e5782239d3051c98b36f52140d1cbc534bef8d6b99a","QUARANTINE_IDENTITY_CONFLICT","APPROVED_SINGLE_CANDIDATE","QUARANTINED_IDENTITY_CONFLICT","false","","","CATALOG_BRAND_CONFLICT","3"
"admission_6ebd120c952c729ca2a4c8101508ecd7bfafbac78e5a2c95a8817f4bdb734366","1ade8793d95a971b97a90158a410f975dd4f51b612984bbe0e03408af49f457c","QUARANTINE_IDENTITY_CONFLICT","APPROVED_SINGLE_CANDIDATE","QUARANTINED_IDENTITY_CONFLICT","false","","","CATALOG_BRAND_CONFLICT","3"
"admission_ab47000f998cecdf2fde4dba6fa01e7e309b3082de68d185d297807216ab6c39","8d389c19d22a45780bedfb6abe3d9f49581fc08efa8cd0c84498909c946191f6","QUARANTINE_IDENTITY_CONFLICT","APPROVED_SINGLE_CANDIDATE","QUARANTINED_IDENTITY_CONFLICT","false","","","RAW_BRAND_CONFLICT","2"
"admission_ccaed6b4f66c24c46cf998345e5aeeff85947713c891e3179ad7bfe72543963e","39ec8f6cadb6d2f9ea12aca13858cd1454fe8b51f9259cdccf1b1dcc9f14ec0f","QUARANTINE_IDENTITY_CONFLICT","APPROVED_SINGLE_CANDIDATE","QUARANTINED_IDENTITY_CONFLICT","false","","","CATALOG_BRAND_CONFLICT","3"
"admission_4633f11872f6f3e391c45bf6a262a0918175b3ecb28145e1e74518069855eb1d","ed445ee5bc927b76a2f89a485eff7370a4ef4ebe466d9c7ca0e3f68b8f02ae5d","QUARANTINE_IDENTITY_CONFLICT","APPROVED_SINGLE_CANDIDATE","QUARANTINED_IDENTITY_CONFLICT","false","","","CATALOG_BRAND_CONFLICT","3"
"admission_247d1b1f06b47643187a70c48db80ef1b8491d1a197bc1f6c53ba98b098e427e","e1fb9a1e35a13d0b9cacace98147e03fae393aa0a15e3325c8641b90e8d99124","QUARANTINE_IDENTITY_CONFLICT","APPROVED_SINGLE_CANDIDATE","QUARANTINED_IDENTITY_CONFLICT","false","","","RAW_BRAND_CONFLICT","2"
"admission_36e29a9793f56b7f604f5ed39bd8ae5cd8c96837a48f2678cb806f1339b19a6c","07643f9de71f917baf248300e7e570093452f34be76b03f9031bb58ae8413724","QUARANTINE_IDENTITY_CONFLICT","APPROVED_SINGLE_CANDIDATE","QUARANTINED_IDENTITY_CONFLICT","false","","","CATALOG_BRAND_CONFLICT","3"
"admission_b994c411b638452b7c1bb90ae1876c2691f618373521b4bfe42af28da3332678","76dc5e849dcbe34801d9ccd5097f1b7cd92341365f1dc41bba3f1006ea627b99","QUARANTINE_IDENTITY_CONFLICT","APPROVED_SINGLE_CANDIDATE","QUARANTINED_IDENTITY_CONFLICT","false","","","CATALOG_BRAND_CONFLICT","3"
"admission_7552630bebe6aa3ae7ca4e40bfe2cdcafe2654ff0ed161bb9c8e016d29571a86","f4ce7495114869704f146f98c254dd192c23aec0c2d0540651017bc2d8f6ce25","QUARANTINE_IDENTITY_CONFLICT","APPROVED_SINGLE_CANDIDATE","QUARANTINED_IDENTITY_CONFLICT","false","","","CATALOG_BRAND_CONFLICT","3"
"admission_1089120c558ea7050b36a6d35873183223f93381d0fe4cfa9850c35a808e7ad0","73012b324d291c43a5c7148dc88dfa64be8bcfe3fa4c178116f0b7a9ff2f577c","QUARANTINE_IDENTITY_CONFLICT","APPROVED_SINGLE_CANDIDATE","QUARANTINED_IDENTITY_CONFLICT","false","","","CATALOG_BRAND_CONFLICT","3"
"admission_6a34622f9c525511cc9448a031d8369060e41fc8c1715ede85c545a04c9d7140","c8a4432828e0a5289b2a543fb63c93412f1c620330494af9e7b4dce29e662d29","QUARANTINE_IDENTITY_CONFLICT","APPROVED_SINGLE_CANDIDATE","QUARANTINED_IDENTITY_CONFLICT","false","","","CATALOG_BRAND_CONFLICT","3"
"admission_3c9a30a3ac7abee47bcc4175a731f34286f4011f9a0110d74fad23be8211991a","5dc265dce0cacced2b349d4fcb2a62dfce00411616c2c64e5fd483252cabb2f5","QUARANTINE_IDENTITY_CONFLICT","APPROVED_SINGLE_CANDIDATE","QUARANTINED_IDENTITY_CONFLICT","false","","","CATALOG_BRAND_CONFLICT","3"
"admission_8dcdbddf0142eb99b577bea88f653d385b8e21b532f8b54572f3c913a7bb2938","c6899a8c364e1b83eadcadceade1b608721407cce3b774c8db7ca4e731bebc7d","QUARANTINE_IDENTITY_CONFLICT","APPROVED_SINGLE_CANDIDATE","QUARANTINED_IDENTITY_CONFLICT","false","","","CATALOG_BRAND_CONFLICT","3"
"admission_59e48036987c551099d0662dab4f188a52c97ab0e8ccdecbb8e10c8b5383c375","5ad6967f7a00b37946f28a6a81bbb654c589566451206a4bc5797fe91445f31d","QUARANTINE_IDENTITY_CONFLICT","APPROVED_SINGLE_CANDIDATE","QUARANTINED_IDENTITY_CONFLICT","false","","","CATALOG_BRAND_CONFLICT","3"
"admission_76dd0ad58d1199d0c9952748f53df55a0558dddda1f8b89c043cbf5bb65a7af4","3322d14c0143a127a717d8330b131e6d856749a04a0ba4e3e081b17f27c91d90","QUARANTINE_IDENTITY_CONFLICT","APPROVED_SINGLE_CANDIDATE","QUARANTINED_IDENTITY_CONFLICT","false","","","CATALOG_BRAND_CONFLICT","3"
"admission_e9a350a53091d054bb548a622314875647871f7ab471579370e6c5e1717efb42","0b4d7fc26192465eb11be907a2fe77d82565e66bd33e30e93c11e0c2f8ab791b","QUARANTINE_IDENTITY_CONFLICT","APPROVED_SINGLE_CANDIDATE","QUARANTINED_IDENTITY_CONFLICT","false","","","CATALOG_BRAND_CONFLICT","3"
"admission_c7b43d53a4c7dc38bd81980a8c5af613b1fd567272dc878b87f556c8ef28984e","06c905d406413c81d04410aa697a38c08dabc445af0874044f242be9442da95b","QUARANTINE_IDENTITY_CONFLICT","APPROVED_SINGLE_CANDIDATE","QUARANTINED_IDENTITY_CONFLICT","false","","","CATALOG_BRAND_CONFLICT","3"
"admission_920c60ae4bc62cde0421cd05ccbb99d3139415cbc2f6ee03c2513d77884a0d8b","aeafd07377067281a95a137c6bc9f866b793f86ca78d283254172b9b2247f69b","QUARANTINE_IDENTITY_CONFLICT","APPROVED_SINGLE_CANDIDATE","QUARANTINED_IDENTITY_CONFLICT","false","","","CATALOG_BRAND_CONFLICT","3"
"admission_f46183f199f50e9ae130844ece63e753e3f7e8eb0998009935d58114d3e9f16c","128091b4656cfce3b1a65206f41c2f9e41c0f57bf36b723482dd9d84d2bc3940","QUARANTINE_IDENTITY_CONFLICT","APPROVED_SINGLE_CANDIDATE","QUARANTINED_IDENTITY_CONFLICT","false","","","CATALOG_BRAND_CONFLICT","3"
"admission_6ec8402fa49c984896def52e9d2ef2a85fee3f68a9d971aef5ac8794ce94699a","86450c2c72de70deceb943e34459a9bf2dc1b28ed5a44f5c91a944e6fd16bf69","QUARANTINE_IDENTITY_CONFLICT","APPROVED_SINGLE_CANDIDATE","QUARANTINED_IDENTITY_CONFLICT","false","","","CATALOG_BRAND_CONFLICT","3"
"admission_eaf2b61d7b9785a1219f50f2269d177b8af35213fc304d02e7e11b874bb64b08","95c0bd143b6f8b171c1851506875f2d3513372711f46ec96bee14f1912a1eff8","QUARANTINE_IDENTITY_CONFLICT","APPROVED_SINGLE_CANDIDATE","QUARANTINED_IDENTITY_CONFLICT","false","","","CATALOG_BRAND_CONFLICT","3"
"admission_22ae8811ff52d98b49c11467c82008d236b4bbb2ab66f23813a11a5fe9b8dc05","8c962fd1d80f931040a7fc4acde8dd3388c719a7534f6fb7b84443a70ba2ec75","QUARANTINE_IDENTITY_CONFLICT","APPROVED_SINGLE_CANDIDATE","QUARANTINED_IDENTITY_CONFLICT","false","","","CATALOG_BRAND_CONFLICT","3"
"admission_8a73ce5c2dca8914761a8f92c0127e9390cead3075bac4b94441c1dc646e0070","80e5e65fd24ee485faf00a6b2e6dee54f0eb318041e9def5e484b6c17c9c288f","QUARANTINE_IDENTITY_CONFLICT","APPROVED_SINGLE_CANDIDATE","QUARANTINED_IDENTITY_CONFLICT","false","","","YEAR_TOKEN_REFERENCE","4"
"admission_185cd10d8f1b3c8d8323f82e040c64d9776f9936410d9c452961f2b8f0d7e0a6","b7826e9355499b6d8235c41db5c5908368ed9198ed475bdd5a4d2182767074ea","QUARANTINE_IDENTITY_CONFLICT","APPROVED_SINGLE_CANDIDATE","QUARANTINED_IDENTITY_CONFLICT","false","","","CATALOG_BRAND_CONFLICT","3"
"admission_5f7bde3589c5bf3320d21dccda821816f316d0d0aa618af6b43fb1df143da085","1d1ea29ab234a2c8ac0932feff12fd9127885528bab878fbbce910caa8755087","QUARANTINE_IDENTITY_CONFLICT","APPROVED_SINGLE_CANDIDATE","QUARANTINED_IDENTITY_CONFLICT","false","","","CATALOG_BRAND_CONFLICT","3"
"admission_6ddf91c4e21b988222a8e5a72944ca79ccb871fa5a7fe833f95013b0bff51242","3b84019c8ffb73cb0c7b7eb388cb9a489452b0d6273e920933e68f412064411a","QUARANTINE_IDENTITY_CONFLICT","APPROVED_SINGLE_CANDIDATE","QUARANTINED_IDENTITY_CONFLICT","false","","","CATALOG_BRAND_CONFLICT","3"
"admission_7408a30f607108a6f8dcff4df81201c5aeabc07d156993e262a6b52c06c6a19b","a3423b2f5973ff77c4ce35fa451ebb8f59ebb77f01c106a78a28c75a2fa8e938","QUARANTINE_IDENTITY_CONFLICT","APPROVED_SINGLE_CANDIDATE","QUARANTINED_IDENTITY_CONFLICT","false","","","CATALOG_BRAND_CONFLICT","3"
"admission_6e4707dd048b761d9be8e40c9ad8cd781ef827023d8f332ce25b79f708d7678d","39de627e1cb25f8d30a4dedc9cfea3ce7fd983a04a5e6dcb3c69740f563728ad","QUARANTINE_IDENTITY_CONFLICT","APPROVED_SINGLE_CANDIDATE","QUARANTINED_IDENTITY_CONFLICT","false","","","CATALOG_BRAND_CONFLICT","3"
"admission_dbc12ef808e0b8ffb83a2dadcdd41597f38fa04563d9cd6e596a9b0404dcfe90","b0fd2d662b1613b2df5e67877b4525d1ba3df3dec50f62c83f682022c6899973","QUARANTINE_IDENTITY_CONFLICT","APPROVED_SINGLE_CANDIDATE","QUARANTINED_IDENTITY_CONFLICT","false","","","CATALOG_BRAND_CONFLICT","3"
"admission_3cace366d8bd583c23ed736865a65d654a011662c181c80c6e1ff2e822a72b1c","406de98938506df0090957cbed49878e8063f300c89bb6710935e36ec046d881","QUARANTINE_IDENTITY_CONFLICT","APPROVED_SINGLE_CANDIDATE","QUARANTINED_IDENTITY_CONFLICT","false","","","CATALOG_BRAND_CONFLICT","3"
"admission_17c82809d3d529c1276db65b4e7b64ddc83d08f448103ffb8e08330752c709e7","91e802f9fa52c0100e6c9a0ee0d803b31b0f9548cb2689759c490ea36c6862d3","QUARANTINE_IDENTITY_CONFLICT","APPROVED_SINGLE_CANDIDATE","QUARANTINED_IDENTITY_CONFLICT","false","","","CATALOG_BRAND_CONFLICT","3"
"admission_ce69e7e94acb6a648909958579d7de896a96c7c687ea31a978742ce13fc5c85f","93906798af17797d6f36e3f12aa80cdd50be372e1c211d47e38175307620a500","QUARANTINE_IDENTITY_CONFLICT","APPROVED_SINGLE_CANDIDATE","QUARANTINED_IDENTITY_CONFLICT","false","","","CATALOG_BRAND_CONFLICT","3"
"admission_eaa84875bc415be5f571e051b369d1963e677da40f48e9862d73e08ab8dfb836","5eeb2c9b011c2ea8335b3a18b7b18bd4b0743439c641bafd6756079caec50b48","QUARANTINE_IDENTITY_CONFLICT","APPROVED_SINGLE_CANDIDATE","QUARANTINED_IDENTITY_CONFLICT","false","","","CATALOG_BRAND_CONFLICT","3"
"admission_e2c76f3f00ffe148fd4fed74bbd6850505455b0a9a41435265e8144a1ed51ffe","bfc983626912eda39697e049f2d4ff788cba3b28fcf94c1121470bbbc686e337","QUARANTINE_IDENTITY_CONFLICT","APPROVED_SINGLE_CANDIDATE","QUARANTINED_IDENTITY_CONFLICT","false","","","CATALOG_BRAND_CONFLICT","3"
"admission_3131ea6da8c9ec631a3e0cd488ae1c2495704a5ac53664e7a19c98dfd916af78","7a1995aad6d12db83ef1c328a2a0d64464b018fc7e4eb53edd4283015c468de5","QUARANTINE_IDENTITY_CONFLICT","APPROVED_SINGLE_CANDIDATE","QUARANTINED_IDENTITY_CONFLICT","false","","","CATALOG_BRAND_CONFLICT","3"
"admission_713a8f6b1cc92f7f8c039f6c1fc6b9c906ee62da2c01ea77e6869c13e99a1d74","58e840db837bb46b1dcd0269840946969ae7f7e8382d592349d842659f5bf383","QUARANTINE_IDENTITY_CONFLICT","APPROVED_SINGLE_CANDIDATE","QUARANTINED_IDENTITY_CONFLICT","false","","","CATALOG_BRAND_CONFLICT","3"
"admission_dbba2273b64815ae75191ca8599f7e244d0b2b51c54a2fca4e41a403ed53dd18","cf73c33f0f038a45e2b446011a8f465a172e1f273916bf4fb848e1299b365ee4","QUARANTINE_IDENTITY_CONFLICT","APPROVED_SINGLE_CANDIDATE","QUARANTINED_IDENTITY_CONFLICT","false","","","CATALOG_BRAND_CONFLICT","3"
"admission_0f31f54effdac87ee808aeabbf0aa0fbac57f5deb830b7dc72e61dd80adc4433","a2726a7373626e832ca8d230e2c12fbfa71e9f1c9877dc7c5e52415d1d67f2b6","QUARANTINE_IDENTITY_CONFLICT","APPROVED_SINGLE_CANDIDATE","QUARANTINED_IDENTITY_CONFLICT","false","","","CATALOG_BRAND_CONFLICT","3"
"admission_5deaf3e55acdc6aba540f15c452506b386b8c4bc78ca5fed064ea7ecdf2b1c95","b6bfa761eb35492097a6c5f381a0c9db75e305117728a96c048b6612b66fcefe","QUARANTINE_IDENTITY_CONFLICT","APPROVED_SINGLE_CANDIDATE","QUARANTINED_IDENTITY_CONFLICT","false","","","CATALOG_BRAND_CONFLICT","3"
"admission_8abcdff414616e5b0220166e9c70895370f7dadb48068dbf87c79ac48d9a86c6","5460450f2b649f1dfb73174b30ce698827f0a03ed71c98c4ad78b49473c487f7","QUARANTINE_IDENTITY_CONFLICT","APPROVED_SINGLE_CANDIDATE","QUARANTINED_IDENTITY_CONFLICT","false","","","CATALOG_BRAND_CONFLICT","3"
"admission_96842fd99f98313e4abe4286fedacde404f1a667ac5fe8c0133562e6455aad9c","a3519414010bf151f5da5dfd7572b793f6bdd8ee7f895deda4b57e18e1f07563","QUARANTINE_IDENTITY_CONFLICT","APPROVED_SINGLE_CANDIDATE","QUARANTINED_IDENTITY_CONFLICT","false","","","CATALOG_BRAND_CONFLICT","3"
"admission_5b82ce7d0d444f8cfe84bfd03c9d45c09e24477134458daf085d07e99ae2b28e","8c478f6e1e74ada5daddee2dda05c2eaf36285e6feb442e3b333c9a374896160","QUARANTINE_IDENTITY_CONFLICT","APPROVED_SINGLE_CANDIDATE","QUARANTINED_IDENTITY_CONFLICT","false","","","CATALOG_BRAND_CONFLICT","3"
"admission_fa105faa8bc6d95d4cef76bc2ccea92a0b186a7a0e1a74488cb01ff647971d28","d1ac4bdb07d3c8c8350837668aa647025b40d3e23ea3413e4f0fc4d55fcf8cc4","QUARANTINE_IDENTITY_CONFLICT","APPROVED_SINGLE_CANDIDATE","QUARANTINED_IDENTITY_CONFLICT","false","","","CATALOG_BRAND_CONFLICT","3"
"admission_3be39f96f3ab9713565bff7f19eded7ca74f266baf018ef53561640f652417f0","6d0b5eaf224c2d2a59524bb8cf9932543289e3bef82bf7e90c3593580b9802c0","QUARANTINE_IDENTITY_CONFLICT","APPROVED_SINGLE_CANDIDATE","QUARANTINED_IDENTITY_CONFLICT","false","","","RAW_BRAND_CONFLICT","2"
"admission_bd0d37934013fae0f93e671566a5a5ecdea188db541553b3293b991a9679728b","fc32531d60f32431e008b5cdca4a0067b5fcd7e0af45918281fd2a56fbb0834f","QUARANTINE_IDENTITY_CONFLICT","APPROVED_SINGLE_CANDIDATE","QUARANTINED_IDENTITY_CONFLICT","false","","","RAW_BRAND_CONFLICT","2"
"admission_58ac63baf80a65b214d9190818037dc1aeb713ab4645d78f76bf5d70d8a8799b","a3b002ef7fe4ab654484d851c446135568fdb5a4f365cca571f9017ceb079774","QUARANTINE_IDENTITY_CONFLICT","APPROVED_SINGLE_CANDIDATE","QUARANTINED_IDENTITY_CONFLICT","false","","","CATALOG_BRAND_CONFLICT","3"
"admission_c34198517ff530ff1bfbce390ce473c4722b7d98a9096d1f406d1c00aa0eb914","7f0e2511d3a2118af7b36677c4f73bfb40dc1eef5edcff632c55bc9fbaea08e7","QUARANTINE_IDENTITY_CONFLICT","APPROVED_SINGLE_CANDIDATE","QUARANTINED_IDENTITY_CONFLICT","false","","","CATALOG_BRAND_CONFLICT","3"
"admission_0ed53ddf9922857e6431278d53c67dcabbee324389058a57878e8e445b80c96f","1e475a6a1cdd8f3287cb824724e34dfd62c4f0dfe702ae3137a1b350f1c73c5a","QUARANTINE_IDENTITY_CONFLICT","APPROVED_SINGLE_CANDIDATE","QUARANTINED_IDENTITY_CONFLICT","false","","","RAW_BRAND_CONFLICT","2"
"admission_536add05d3f70279673dfdd7f2ebf0292d08216cf2a010165c68dd1deb9a8b90","0e90c5148036896992142f3bc3bd3c970c31a9a1735e7d473143adf6b4e002bc","QUARANTINE_IDENTITY_CONFLICT","APPROVED_SINGLE_CANDIDATE","QUARANTINED_IDENTITY_CONFLICT","false","","","CATALOG_BRAND_CONFLICT","3"
"admission_84be00f7efd601b29426f775f81ecf8d4faa0ff57184017e8cb405f67109e657","84742c9420481fb5e466035cadab256bcc50d7a969b26b9f98c734893f9392a8","QUARANTINE_IDENTITY_CONFLICT","APPROVED_SINGLE_CANDIDATE","QUARANTINED_IDENTITY_CONFLICT","true","SOURCE_EXPLICIT_USD_MATCH","PRICE_EVIDENCE_INCOMPLETE","DUAL_IDENTITY_PRICE","1"
"admission_bbf46f11f6864b79ca4d832589c1b9af05341e4b1fbc0e3491def012497b2882","7ec13f0df8317b092879b93820a30007a002f2651a00fdcc12c1e782bf324fbe","QUARANTINE_IDENTITY_CONFLICT","APPROVED_SINGLE_CANDIDATE","QUARANTINED_IDENTITY_CONFLICT","true","SOURCE_EXPLICIT_USD_MATCH","PRICE_EVIDENCE_INCOMPLETE","DUAL_IDENTITY_PRICE","1"
"admission_0678b8ba365a848a8f2d585f2c1c199a8770d87a4aa9e014b899521be0a4fc9e","0ef24e15906c76c718aec55e212ca998629c8895bdc16d2e0c94a648c054917b","QUARANTINE_IDENTITY_CONFLICT","APPROVED_SINGLE_CANDIDATE","QUARANTINED_IDENTITY_CONFLICT","false","","","RAW_BRAND_CONFLICT","2"
"admission_814d7d1255012cd450b6a0978fc845a20af236dd94a934488a687e3164a9701a","1768bed1f1914ced9d72df4589ac52a2dc9767b5456e25e5f89143f030324f94","QUARANTINE_IDENTITY_CONFLICT","APPROVED_SINGLE_CANDIDATE","QUARANTINED_IDENTITY_CONFLICT","false","","","RAW_BRAND_CONFLICT","2"
"admission_74e83b77d8228ba2b6ed45aacf76de4a08a8b2f0e67d5f99aee0459ea12f7340","a51c5a2c3eb635bc8ac2dfe34693dcc834049040c897e257b59c1c5814084a5e","QUARANTINE_IDENTITY_CONFLICT","APPROVED_SINGLE_CANDIDATE","QUARANTINED_IDENTITY_CONFLICT","false","","","CATALOG_BRAND_CONFLICT","3"
"admission_a432e0a3d43722b0554e8b00a86a0aab9b1014badd2a856399e10d25774d1956","c6f9afcf21a90d5cff512d4d55f648a9ec9540246d288489ebe1c542a4e335a0","QUARANTINE_IDENTITY_CONFLICT","APPROVED_SINGLE_CANDIDATE","QUARANTINED_IDENTITY_CONFLICT","false","","","YEAR_TOKEN_REFERENCE","4"
"admission_9b0c749d3f56e8803420ce8b638b40e4c136aa846b035388d227cd6b4695fec9","2e982ca4d78d57ed305d337863abf3ffea4345f17d67c9502cc98328166f81b2","QUARANTINE_IDENTITY_CONFLICT","APPROVED_SINGLE_CANDIDATE","QUARANTINED_IDENTITY_CONFLICT","false","","","CATALOG_BRAND_CONFLICT","3"
"admission_ead68406939f93c678d370470bc94861d81e00c70efaa4459a29066f0aab8ab4","5ed829c37c7a2b4cd3cef48f4f926d82b1e7210f0b3e6518a672597cc98e5017","QUARANTINE_IDENTITY_CONFLICT","APPROVED_SINGLE_CANDIDATE","QUARANTINED_IDENTITY_CONFLICT","false","","","CATALOG_BRAND_CONFLICT","3"
"admission_32c3093b4cd7c089bd7aa617bd686a5c4629a7a3d191804f10eee592dfc6c78c","340db20e3a7cf49f11eab1af5cdd9d9fe0f8be7e4e55073f9097dd318671b04e","QUARANTINE_IDENTITY_CONFLICT","APPROVED_SINGLE_CANDIDATE","QUARANTINED_IDENTITY_CONFLICT","false","","","CATALOG_BRAND_CONFLICT","3"
"admission_1e035f872a797aed965176c067481f4c898e3aeb3e84873778d1d7f500752257","95e28a9741d638e4abd5251f7dbe306739e34af3b78124b156f894e762c30922","QUARANTINE_IDENTITY_CONFLICT","APPROVED_SINGLE_CANDIDATE","QUARANTINED_IDENTITY_CONFLICT","false","","","CATALOG_BRAND_CONFLICT","3"
"admission_60e33487f49f1d478b007779d05a29b3f0e1ae6edbc39da50ada5d0c9bb63c5e","82f82f8f5d56bde1ce9c9a6364e22f8e95ff198bdbc4f55262d55270a54b0213","QUARANTINE_IDENTITY_CONFLICT","APPROVED_SINGLE_CANDIDATE","QUARANTINED_IDENTITY_CONFLICT","false","","","CATALOG_BRAND_CONFLICT","3"
"admission_b716e6dedb47f5f0c63d9f6761b883623f503105bbbe55c00ba38dafdaa773ae","2649c991d19d0049e4147cecf62a90acebeaa5269485af2970ed437f2d6d9605","QUARANTINE_IDENTITY_CONFLICT","APPROVED_SINGLE_CANDIDATE","QUARANTINED_IDENTITY_CONFLICT","false","","","CATALOG_BRAND_CONFLICT","3"
"admission_703856e5bd94020c46e8798dcc66ba580d6008cef7a3b2a79a4f18e680e5d7b0","374447dcc835a3858eee33c994c0a6f66f4e2a7d0bf7deaae59a1f9f8736d773","QUARANTINE_IDENTITY_CONFLICT","APPROVED_SINGLE_CANDIDATE","QUARANTINED_IDENTITY_CONFLICT","false","","","CATALOG_BRAND_CONFLICT","3"
"admission_3003c0dab70426708b89c14149ba819b6969aebd47f8733db2cda5c6731bc240","ba1f9d914c5ace5400374cac882d498e81974362c63bbdb7f9343fb062fb977a","QUARANTINE_IDENTITY_CONFLICT","APPROVED_SINGLE_CANDIDATE","QUARANTINED_IDENTITY_CONFLICT","false","","","CATALOG_BRAND_CONFLICT","3"
"admission_dcf056963283f5d7be08675f741c370f617643533262e54d9bf31bae45437ac4","972722ee960b7df62632763a899ec722b3e8f09bae4eb060af2998cdc31aa00d","QUARANTINE_IDENTITY_CONFLICT","APPROVED_SINGLE_CANDIDATE","QUARANTINED_IDENTITY_CONFLICT","false","","","CATALOG_BRAND_CONFLICT","3"
"admission_e6805a7a86cf8c404ebbb5b75c83d3f2c1023b84d9ca5364f790ad0285dc4ab7","c3d5ae28a61651c8e71ebfaccd99396c06e853df5336d6f17e7134a3dc067e16","QUARANTINE_IDENTITY_CONFLICT","APPROVED_SINGLE_CANDIDATE","QUARANTINED_IDENTITY_CONFLICT","false","","","CATALOG_BRAND_CONFLICT","3"
"admission_09517e2af28a57c440c3402a463f83036b0770f1a9a5c808d8f659de1b0faa9b","263ccc3511f1eddc674a38601f82a179d29b65741b793e2bf6af3794d578d37d","QUARANTINE_IDENTITY_CONFLICT","APPROVED_SINGLE_CANDIDATE","QUARANTINED_IDENTITY_CONFLICT","false","","","CATALOG_BRAND_CONFLICT","3"
"admission_f812a0d784584619203750a7c0d59de86593f46313e9ebabeaa5766f108d4c04","d90e0a08629643008bfc127d8e63707ecadd18736602da85258e24ebd122395c","QUARANTINE_IDENTITY_CONFLICT","APPROVED_SINGLE_CANDIDATE","QUARANTINED_IDENTITY_CONFLICT","false","","","CATALOG_BRAND_CONFLICT","3"
"admission_585eb760cd9ea9b6dd1703dc390194eccb9921cb0823562ceb1604edaf4e7b48","b8468c5a6c89fa870a5a09d0242fbcfe581966417228e368b3968308f25835e2","QUARANTINE_IDENTITY_CONFLICT","APPROVED_SINGLE_CANDIDATE","QUARANTINED_IDENTITY_CONFLICT","false","","","CATALOG_BRAND_CONFLICT","3"
"admission_644d48baf3e70f5a08862eb028133676b35ea0819aaaea1c07add0b7711c5d95","baf94f862091ce3dd2e90131beb58cb932bc3b2c69948e720c7f60aac2cc6c2d","QUARANTINE_IDENTITY_CONFLICT","APPROVED_SINGLE_CANDIDATE","QUARANTINED_IDENTITY_CONFLICT","false","","","CATALOG_BRAND_CONFLICT","3"
"admission_11b6f7da7202c96b22335e4a58a6a18d2e4610e17822ced1c6d273faaaa19f1d","5c6c1af434b6d817c6572d604e37bcfa78ec362d9e297671739a7d18c1fa5f63","QUARANTINE_IDENTITY_CONFLICT","APPROVED_SINGLE_CANDIDATE","QUARANTINED_IDENTITY_CONFLICT","false","","","CATALOG_BRAND_CONFLICT","3"
"admission_a48c96a63d9f928e6f63f934f97366f0b9cb1c4297c5831150b7d77b8fa90acd","53a3837307f8c77b6701045bf2f4051e1482cbbcec4fd2a6914ddd47bb8c6116","QUARANTINE_IDENTITY_CONFLICT","APPROVED_SINGLE_CANDIDATE","QUARANTINED_IDENTITY_CONFLICT","false","","","CATALOG_BRAND_CONFLICT","3"
"admission_046e887971ab0865da00aa6d8c4f72fc45c64439daf99ec82c9ba1c726197f5f","2b7358c16958c24d9e2701ff61a6e2ce4755ba0992dadb778e17749712b89f7c","QUARANTINE_IDENTITY_CONFLICT","APPROVED_SINGLE_CANDIDATE","QUARANTINED_IDENTITY_CONFLICT","false","","","CATALOG_BRAND_CONFLICT","3"
"admission_24794134b82c65ff3bd580915b36dcbc72ab75e3171b769070091194c36ccc1a","6365f587d6316104d940cefdade60cfe72040eb3dca45aaa0ee2d036e90a67ab","QUARANTINE_IDENTITY_CONFLICT","APPROVED_SINGLE_CANDIDATE","QUARANTINED_IDENTITY_CONFLICT","false","","","CATALOG_BRAND_CONFLICT","3"
"admission_3a6bf48800d2b8093719ab39d85efc9a3db12bf29bb65707d75574bca4a6168f","c8667999167a677729a66c9e40a6ecb8a4e908da6623c4b5c7842df679df445b","QUARANTINE_IDENTITY_CONFLICT","APPROVED_SINGLE_CANDIDATE","QUARANTINED_IDENTITY_CONFLICT","false","","","CATALOG_BRAND_CONFLICT","3"
"admission_b8c5815994ec5fc77a7058a279a7ba1f3b26c594f793671bd0af8bc29d41ffd8","bbd4b18ff0f2679fff6f2dd903cf1a6500b1e31b709540cf24119741fadca58e","QUARANTINE_IDENTITY_CONFLICT","APPROVED_SINGLE_CANDIDATE","QUARANTINED_IDENTITY_CONFLICT","false","","","CATALOG_BRAND_CONFLICT","3"
"admission_730fc55f1b2fd153a1cf19a31eb4b5b8effb661aa6288311a48a1627741d7deb","358b42553539a39a941961bb1b95d0d95bb07fa107517949fcf1a8cfe3c968f6","QUARANTINE_IDENTITY_CONFLICT","APPROVED_SINGLE_CANDIDATE","QUARANTINED_IDENTITY_CONFLICT","false","","","CATALOG_BRAND_CONFLICT","3"
"admission_e2ebb1414b4415e272948c553d5003789212cb524e7f05504a007af9f1ca8567","ed7a1613647913b9b696ed286897a0a7471ffecd138f94822d15e4dec725f7f5","QUARANTINE_IDENTITY_CONFLICT","APPROVED_SINGLE_CANDIDATE","QUARANTINED_IDENTITY_CONFLICT","false","","","CATALOG_BRAND_CONFLICT","3"
"admission_2d7629907369b2087ba73ff8853d3ab6e407bc3782c22234086b211000ea6e39","09468fdea9fda33138c19ece479cb50b6115fdd632bcd53c1496a4af065d5cba","QUARANTINE_IDENTITY_CONFLICT","APPROVED_SINGLE_CANDIDATE","QUARANTINED_IDENTITY_CONFLICT","false","","","CATALOG_BRAND_CONFLICT","3"
"admission_12e267b2d29fe7c9b3387a1054c039d8469953f124c3150cc3c9098f38c93ae5","b2836955b7febb983d15596800797c0791064f5a3111004055b0b557c5de0513","QUARANTINE_IDENTITY_CONFLICT","APPROVED_SINGLE_CANDIDATE","QUARANTINED_IDENTITY_CONFLICT","false","","","CATALOG_BRAND_CONFLICT","3"
"admission_bf69365572a9bdea2746325a8d6985f398d6a1017c5793143b13bbc6ba0cbf79","29c7e226b73b2ca9d12eb54f02b84602728709b9ea00e417f58a4f6d3bc641ec","QUARANTINE_IDENTITY_CONFLICT","APPROVED_SINGLE_CANDIDATE","QUARANTINED_IDENTITY_CONFLICT","false","","","CATALOG_BRAND_CONFLICT","3"
"admission_b9995a69fc99b19c8c93f3349dc307cc76f1fce9a340b6463a700612b4edc7e9","32a81dba5d34fb09ddd60cd5e43cc9e6ce5c8d17b0cc656fa98d74583bb1e3dd","QUARANTINE_IDENTITY_CONFLICT","APPROVED_SINGLE_CANDIDATE","QUARANTINED_IDENTITY_CONFLICT","false","","","CATALOG_BRAND_CONFLICT","3"
"admission_1d8548e226a144d0914b36b01eeedfc1f19975bad4782d25015724b092d52999","21e6d87da8874e0cbbf0fcd07630e005881612f28bf7996ed3e8eb28fba7779d","QUARANTINE_IDENTITY_CONFLICT","APPROVED_SINGLE_CANDIDATE","QUARANTINED_IDENTITY_CONFLICT","false","","","CATALOG_BRAND_CONFLICT","3"
"admission_5a1eca7411a443c12fcc362bde4020ed4a0cc770633e6c8782b3c878d4f227b7","aed6e748dd0d4a0c04b943cbfee5aeed9205f7997ea2a745a04ae5e24dac2213","QUARANTINE_IDENTITY_CONFLICT","APPROVED_SINGLE_CANDIDATE","QUARANTINED_IDENTITY_CONFLICT","false","","","CATALOG_BRAND_CONFLICT","3"
"admission_a37836fcefeac0ea279abe4f9069ef2b611b34c7cca814b55038363768976554","b89ce35322e695d20ac8c22445bba6858d0ddff540331f5981967b489bd1452e","QUARANTINE_IDENTITY_CONFLICT","APPROVED_SINGLE_CANDIDATE","QUARANTINED_IDENTITY_CONFLICT","false","","","CATALOG_BRAND_CONFLICT","3"
"admission_89977b188ffcb4ad03a51349f7665fa6f0cdf3cb9e19f39ae33f29fdb99475a5","d3022bf93ebd6208021d801cc8f52b04b9455d891bd6d0c6c72cdc9fa631bc86","QUARANTINE_IDENTITY_CONFLICT","APPROVED_SINGLE_CANDIDATE","QUARANTINED_IDENTITY_CONFLICT","false","","","CATALOG_BRAND_CONFLICT","3"
"admission_51f852e5f7f82d789e10ab1a8d0401be8bd351ac91ef1baf6291c63ac4c03cc9","378a116196f6e29cef910f4bfda048d5fecedd8dfdb1a45fd4f235a607c18a4b","QUARANTINE_IDENTITY_CONFLICT","APPROVED_SINGLE_CANDIDATE","QUARANTINED_IDENTITY_CONFLICT","false","","","CATALOG_BRAND_CONFLICT","3"
"admission_85c217d8003b38b893a5ffc7a13da2c9fc791de5aae6be07c3b747216863e899","cf6afb449c7857bbce6d42bb791ceb0d9e79bb211e1c7240086da0a1a43551c5","QUARANTINE_IDENTITY_CONFLICT","APPROVED_SINGLE_CANDIDATE","QUARANTINED_IDENTITY_CONFLICT","false","","","CATALOG_BRAND_CONFLICT","3"
"admission_0e2186b376b7e8ba87162fcd200b3944f965e36219ae47bd5d96c59ba85c6e6b","22f2edebf71d57b3138740cf76b72b5f30d2dea3bab52ce4df75ce9a3d6771cf","QUARANTINE_IDENTITY_CONFLICT","APPROVED_SINGLE_CANDIDATE","QUARANTINED_IDENTITY_CONFLICT","false","","","CATALOG_BRAND_CONFLICT","3"
"admission_745ae5bf2ea677a003f370e2512aba4c6b9e53b86cb64f63a81ee2ad7f4e961d","ada22d24f27ba941dc9fd84d713ed389de9d714bb2ad9890df633309cb6b51f8","QUARANTINE_IDENTITY_CONFLICT","APPROVED_SINGLE_CANDIDATE","QUARANTINED_IDENTITY_CONFLICT","false","","","CATALOG_BRAND_CONFLICT","3"
"admission_b3fe3a939def3031b61523ace5f589f4989b238e53807798a78424e14f9c960f","d618ca735717b05721d5577956d9a0655d0e1bad1e43b5a4adc5088581382e94","QUARANTINE_IDENTITY_CONFLICT","APPROVED_SINGLE_CANDIDATE","QUARANTINED_IDENTITY_CONFLICT","false","","","CATALOG_BRAND_CONFLICT","3"
"admission_b913867f698c6b5a4c331e9fc3305a1c264ffb937e2f8c3d844581c10a24daa1","841eaecded4cbd548bd11e5a7b4a0db0335de9e9357592778961588567e8bada","QUARANTINE_IDENTITY_CONFLICT","APPROVED_SINGLE_CANDIDATE","QUARANTINED_IDENTITY_CONFLICT","false","","","CATALOG_BRAND_CONFLICT","3"
"admission_97071138678ee8bb33c631978a241eef2a9aa081a8f5f7bb2d6bb61b86aa628a","bf5615d0438a4d4bc1c986a2aa3c9b37d9bfd3789b08246b7e9803df93aa821f","QUARANTINE_IDENTITY_CONFLICT","APPROVED_SINGLE_CANDIDATE","QUARANTINED_IDENTITY_CONFLICT","false","","","CATALOG_BRAND_CONFLICT","3"
"admission_db1417e9c6e29d840af665712f8d85f4f762462ff489acd53d16138b3818b1cd","a7288911a666e02d82dbb757ca27e4932617abf95e06f534267b651a42e45208","QUARANTINE_IDENTITY_CONFLICT","APPROVED_SINGLE_CANDIDATE","QUARANTINED_IDENTITY_CONFLICT","false","","","CATALOG_BRAND_CONFLICT","3"
"admission_bc80cc08a19e62318e6d23e79a819229e54685969304e1de1a83f22cfdf234ed","bdc0199a48b62905376b9fa4ac257c38ae95611d24cd63d8b93af6e083888021","QUARANTINE_IDENTITY_CONFLICT","APPROVED_SINGLE_CANDIDATE","QUARANTINED_IDENTITY_CONFLICT","false","","","CATALOG_BRAND_CONFLICT","3"
"admission_01cb06e84204c0d6fad38574f33e601ed9f64e19dc6e2fc22252740660b943ac","38509f4d5533f2fc568fd867e481c5afb6ddb1c6dc5b3f13fb84c4973eb386c1","QUARANTINE_IDENTITY_CONFLICT","APPROVED_SINGLE_CANDIDATE","QUARANTINED_IDENTITY_CONFLICT","false","","","CATALOG_BRAND_CONFLICT","3"
"admission_e86f526022d119ce4d6da6ce17d6a5ccbf06f5db9e80cce73edd5179ed86fff4","ca8ceff9d85aa6cd206d70a27a9f9b0e39444e19ac6993f13e9509252ccd9e57","QUARANTINE_IDENTITY_CONFLICT","APPROVED_SINGLE_CANDIDATE","QUARANTINED_IDENTITY_CONFLICT","false","","","CATALOG_BRAND_CONFLICT","3"
"admission_739ffa46cf4843f4ab3cccfdbafe65a4704de3b848929fd53cf4bc36ececf854","dc3458a48bb703e44b98397651a35327e57b84d4f5e985c24829dc2581691ba1","QUARANTINE_IDENTITY_CONFLICT","APPROVED_SINGLE_CANDIDATE","QUARANTINED_IDENTITY_CONFLICT","false","","","CATALOG_BRAND_CONFLICT","3"
"admission_fe0a81ada0e75fc0cbc399835125e13531cff33c61176eac05cab301dd44ca4a","983175aed50ac4e9c9e5908c48a79f073c5a606a693311dae1fb8146b1ad6c46","QUARANTINE_IDENTITY_CONFLICT","APPROVED_SINGLE_CANDIDATE","QUARANTINED_IDENTITY_CONFLICT","false","","","CATALOG_BRAND_CONFLICT","3"
"admission_92e618408492935e810668e5f8804a8ab464901c8fa962c3ce151d6d183733be","d72192933f6a0d4cbbfe91acec002dd4252e1c9a888a55d553c902cb7b1ef4a5","QUARANTINE_IDENTITY_CONFLICT","APPROVED_SINGLE_CANDIDATE","QUARANTINED_IDENTITY_CONFLICT","false","","","CATALOG_BRAND_CONFLICT","3"
"admission_ebb1babe68560548499c029e964e2db55ce9d0b068c8877d536551ce0ed9e477","c76e2dbf20303dd40555b7e9d84350cca79c0e5abb604284341a27c6ef65307e","QUARANTINE_IDENTITY_CONFLICT","APPROVED_SINGLE_CANDIDATE","QUARANTINED_IDENTITY_CONFLICT","false","","","CATALOG_BRAND_CONFLICT","3"
"admission_d68eb8fa623a40f2b703e2bb670740b252da08c157a370592b3d1fcd1cd6c7e7","aef33489db24d39a69107438f6e43f4d432a45b96153a9b9620200ba7c5a249d","QUARANTINE_IDENTITY_CONFLICT","APPROVED_SINGLE_CANDIDATE","QUARANTINED_IDENTITY_CONFLICT","false","","","CATALOG_BRAND_CONFLICT","3"
"admission_ce1dc9de6b0d2a35a33de29ef09f2364c7d43756bfb10ebf4b45a29a941c9e62","f9ec1ee73614da72cf543658ca2249843451c1793e1a5af6d5860b5165b31432","QUARANTINE_IDENTITY_CONFLICT","APPROVED_SINGLE_CANDIDATE","QUARANTINED_IDENTITY_CONFLICT","false","","","CATALOG_BRAND_CONFLICT","3"
"admission_d052f05f5a98d94eca81c1c53eef7d9d41c97db872a5a90a3162960314368326","8e9d104e8ffef7d83a3583b21b3884fbcd2445be5453a6dd18526a350f9487a2","QUARANTINE_IDENTITY_CONFLICT","APPROVED_SINGLE_CANDIDATE","QUARANTINED_IDENTITY_CONFLICT","false","","","RAW_BRAND_CONFLICT","2"
"admission_ea6e2cfeafc91ec5a59e83b01a7f28c0aab2e3cd8303a042649151398a45e82d","461933c2f25174c6aec744cdbd8e4b070f8f94535999a03dc84360115a776c68","QUARANTINE_IDENTITY_CONFLICT","APPROVED_SINGLE_CANDIDATE","QUARANTINED_IDENTITY_CONFLICT","false","","","CATALOG_BRAND_CONFLICT","3"
"admission_789728f8d966db6710a713e871660708f150531af31ae571aba112a91f123900","2a24a75e5dfdb60f97b954e59bd8be4e1526c4c3b395724b955313adff98929e","QUARANTINE_IDENTITY_CONFLICT","APPROVED_SINGLE_CANDIDATE","QUARANTINED_IDENTITY_CONFLICT","false","","","CATALOG_BRAND_CONFLICT","3"
"admission_91f2fc9d3f995171302f8b60001f1c1805b9fde848449a1d2c89236e8d37d839","2135e2c8507d2435cd588e3a191e618e8c29e70245afa807648459c35f083786","QUARANTINE_IDENTITY_CONFLICT","APPROVED_SINGLE_CANDIDATE","QUARANTINED_IDENTITY_CONFLICT","false","","","RAW_BRAND_CONFLICT","2"
"admission_1f29e44ccc250f02134a6b472e7a7501168d35f7ac90343599a89c78267c4b1d","5d96ed0fc1b1ef8ffb18eaa0174107b782d895e24bbc2b04d4e0dc9dadab3dc8","QUARANTINE_IDENTITY_CONFLICT","APPROVED_SINGLE_CANDIDATE","QUARANTINED_IDENTITY_CONFLICT","false","","","YEAR_TOKEN_REFERENCE","4"
"admission_be39f8b2b5cd2d424662866c6bc47c232c68aa8869182e1d7b26ea4e3ce19748","286554e41fad3718e91dabd9a3fa1d200b66a76bd07b304d452895e638269afa","QUARANTINE_IDENTITY_CONFLICT","APPROVED_SINGLE_CANDIDATE","QUARANTINED_IDENTITY_CONFLICT","false","","","YEAR_TOKEN_REFERENCE","4"
"admission_a983fe17aaecb0eed7dfc8c9300a95c7bf9053a988f8ea035381ccfce2bf3bbe","4ebc34e6adb03c165a9cac915b76f8a4e1f876c64a6bcd17b1fa27f4d7f417a7","QUARANTINE_IDENTITY_CONFLICT","APPROVED_SINGLE_CANDIDATE","QUARANTINED_IDENTITY_CONFLICT","false","","","RAW_BRAND_CONFLICT","2"
"admission_53b82124a4821a007151421dd58e1fb656e70132245ae08a14476c2c08e1d635","2c424184639d84673b20757df3048311b7ddb8bbb434821ae0ddee14174c5b90","QUARANTINE_IDENTITY_CONFLICT","APPROVED_SINGLE_CANDIDATE","QUARANTINED_IDENTITY_CONFLICT","false","","","RAW_BRAND_CONFLICT","2"
"admission_325bb827947dba5d9daf91d7540b86ca0fe19c2303b1c8528dc8c7899fa9baff","d516e14a0604c4b20cdd70036b64493d293061d546336d6d4f6ef554ffaec4dd","QUARANTINE_IDENTITY_CONFLICT","APPROVED_SINGLE_CANDIDATE","QUARANTINED_IDENTITY_CONFLICT","false","","","RAW_BRAND_CONFLICT","2"
"admission_877ca3d767f339f6867169e70cc9b4d9d86596c79cbbb0e8f0276466b8077ef4","88809c21fe968091db371af37ce7d159e4c23f450925c80252dd72b20c7c967f","QUARANTINE_IDENTITY_CONFLICT","APPROVED_SINGLE_CANDIDATE","QUARANTINED_IDENTITY_CONFLICT","false","","","RAW_BRAND_CONFLICT","2"
"admission_c193c275a90310e0ba5c685cefdb800afaf8e6071611f5386de468a8cf4c74cc","bf59c4b1c8e054896d31e6ed25e39030c8f37c249fa19a510656327706e45c20","QUARANTINE_IDENTITY_CONFLICT","APPROVED_SINGLE_CANDIDATE","QUARANTINED_IDENTITY_CONFLICT","false","","","RAW_BRAND_CONFLICT","2"
"admission_759df28ba477ff96e9f07ca7013ffca6e898b3e8748437ee6d206ca200a653c3","d12b7ba0c02974f446d1cb6240a84b587624356fd4f37a0d1c218ca32bfdd47b","QUARANTINE_IDENTITY_CONFLICT","APPROVED_SINGLE_CANDIDATE","QUARANTINED_IDENTITY_CONFLICT","false","","","RAW_BRAND_CONFLICT","2"
"admission_f847be5b8d80bbac7b515f35288a5227a305820310c2b0260e5eb6a7dfbfbc3a","162fdaa0cd0a925ddb3fea2228178b11aa95d506141c6a318372c446214d2a21","QUARANTINE_IDENTITY_CONFLICT","APPROVED_SINGLE_CANDIDATE","QUARANTINED_IDENTITY_CONFLICT","false","","","RAW_BRAND_CONFLICT","2"
"admission_5c5b2a7fc47927e2a9e9379475dbe7ce0ad738af956c47d4408ba620ee8ae4f2","734775cf83e29e53d7381ee1be795fcdda96aaad405a660922f51c16e07f2f8d","QUARANTINE_IDENTITY_CONFLICT","APPROVED_SINGLE_CANDIDATE","QUARANTINED_IDENTITY_CONFLICT","false","","","RAW_BRAND_CONFLICT","2"
"admission_4acce24095fe30793fbc5cb6c11864ecc7e4dca801ee467d073dd01df11b00e0","ee19ff46066481714d53c0f2dece5927a156a9f2db01f9227397abaef8e0cc35","QUARANTINE_IDENTITY_CONFLICT","APPROVED_SINGLE_CANDIDATE","QUARANTINED_IDENTITY_CONFLICT","false","","","YEAR_TOKEN_REFERENCE","4"
"admission_4de4f11bd9d6517ad0bcf5147eeb68ad1021168c05cb30702395c4aab78c1f70","3b868143435d0e6fe5ce1738d0f4709a3791bd5ffb59d0008ae02940e60ef06c","QUARANTINE_IDENTITY_CONFLICT","APPROVED_SINGLE_CANDIDATE","QUARANTINED_IDENTITY_CONFLICT","false","","","RAW_BRAND_CONFLICT","2"
"admission_10146bedc3078b2722a1203553ec9fc5a9603319e02928f66fb8030fe2a8a0b5","567ac65cae2f04ef3c6d47e14d40e255efd986300afd8fee27675f24b1ee3af1","QUARANTINE_IDENTITY_CONFLICT","APPROVED_SINGLE_CANDIDATE","QUARANTINED_IDENTITY_CONFLICT","false","","","RAW_BRAND_CONFLICT","2"
"admission_7f4947cce5caf2a429b91c145967f402046fd91e850b084f3e3d5188638cfd08","d5c770c4d3f44fa75dc3c5a33aa0fb5c6db2b0972aa323671aa90cc32b367917","QUARANTINE_IDENTITY_CONFLICT","APPROVED_SINGLE_CANDIDATE","QUARANTINED_IDENTITY_CONFLICT","false","","","RAW_BRAND_CONFLICT","2"
"admission_bbbf24a3c1d03026700a47f64ce7bb0cb2c0eb8841b956e6df8b1525cda83789","8af356380f2c769fbf82c5b2d9dd096f158badfd2aa2301e2192c06d59326dcb","QUARANTINE_IDENTITY_CONFLICT","APPROVED_SINGLE_CANDIDATE","QUARANTINED_IDENTITY_CONFLICT","false","","","RAW_BRAND_CONFLICT","2"
"admission_32b26432ad051f185436296f163083489ed959f0aee162ffbb0a4100aaf144c4","f99bf7764d1248b2a345837d690be61dfce244b4afb4c5dd4b39098f6eb1d5d3","QUARANTINE_IDENTITY_CONFLICT","APPROVED_SINGLE_CANDIDATE","QUARANTINED_IDENTITY_CONFLICT","false","","","RAW_BRAND_CONFLICT","2"
"admission_982b67e9a775e1b5df319dcaf7741c71b3815be49ec75321d2ec786f9ae9a61e","3154f00d7b48a65640a07f528c565cdc2287f3d2fd4b702d876a4d8075b5b735","QUARANTINE_IDENTITY_CONFLICT","APPROVED_SINGLE_CANDIDATE","QUARANTINED_IDENTITY_CONFLICT","false","","","RAW_BRAND_CONFLICT","2"
"admission_1a907859febe4b8a78f6a87b269159d7a26fedcb23bb96e20d760252b477c8bb","3947095050e2ed0f0bfa1f4d5d3bd892f12d929d576fcb275b6992ab1d61f7ea","QUARANTINE_IDENTITY_CONFLICT","APPROVED_SINGLE_CANDIDATE","QUARANTINED_IDENTITY_CONFLICT","false","","","RAW_BRAND_CONFLICT","2"
"admission_615ae1e13089227ab4e551e6fbd07b9d507d94e3bbc21579c85f470b66ddaffb","6931deab98ad6985fc231a6f7179159a5e9194b964d91c43f21f210c0057a101","QUARANTINE_IDENTITY_CONFLICT","APPROVED_SINGLE_CANDIDATE","QUARANTINED_IDENTITY_CONFLICT","false","","","RAW_BRAND_CONFLICT","2"
"admission_25bfd48a0305e82de390d1afba3d26186b24fcf2264868a25a152d51969cf371","852e88813ec1d5152f74deaa1a5cfc2f1e66402b6b4eb81c1f73931ee2a49986","QUARANTINE_IDENTITY_CONFLICT","APPROVED_SINGLE_CANDIDATE","QUARANTINED_IDENTITY_CONFLICT","false","","","RAW_BRAND_CONFLICT","2"
"admission_da51d7e0ded86d3908374cd2d5e69413fc7845da54df2953095e1bd1ef618897","e939af36c9a69712dc433588338936a0e49b6f98a5865cb2f8564c687db8adf5","QUARANTINE_IDENTITY_CONFLICT","APPROVED_SINGLE_CANDIDATE","QUARANTINED_IDENTITY_CONFLICT","false","","","RAW_BRAND_CONFLICT","2"
"admission_a2cdee23f594cdeae30ee22c54ef1179ace1ccde88d109d63fe89e1f923419d3","54c71bba27c1ae5a0722f19e5915fa69abcaf31ad54d15be3ea0307901318e5b","QUARANTINE_IDENTITY_CONFLICT","APPROVED_SINGLE_CANDIDATE","QUARANTINED_IDENTITY_CONFLICT","false","","","RAW_BRAND_CONFLICT","2"
"admission_efef0de010e067515e1dad48a85753e09f91ce8cedd1b92e298be989274cad60","675f5f0559fe5160627a8edb0b58f2c497b7cb402bea9eb72c21bec1c0e3ebdc","QUARANTINE_IDENTITY_CONFLICT","APPROVED_SINGLE_CANDIDATE","QUARANTINED_IDENTITY_CONFLICT","false","","","RAW_BRAND_CONFLICT","2"
"admission_0258cd323344496d0615960f61686a04df0cfd6d6c836997f2215684883e23c5","31c4ba7b41333c3b90e7bb9473d2ad9bb6fb68b81d2b0f6998fb6c79895366f8","QUARANTINE_IDENTITY_CONFLICT","APPROVED_SINGLE_CANDIDATE","QUARANTINED_IDENTITY_CONFLICT","false","","","RAW_BRAND_CONFLICT","2"
"admission_7d8eaad6dcf7f722e1f12bb49d31c55b385c1f01868a19800ae6627732b5a67f","a2557becd58ff74741e92116a4f5b0c8cb8c46e43ea7ded0338af9dc4032277d","QUARANTINE_IDENTITY_CONFLICT","APPROVED_SINGLE_CANDIDATE","QUARANTINED_IDENTITY_CONFLICT","false","","","RAW_BRAND_CONFLICT","2"
"admission_762214ac4d416bf4376fbbe784abab231f35382607307c1a6b2fa9e52876769a","0d5b2f502b174ebe892db7be56a42fbaeaf9bf0cb34881faea62e13c05ec3509","QUARANTINE_IDENTITY_CONFLICT","APPROVED_SINGLE_CANDIDATE","QUARANTINED_IDENTITY_CONFLICT","false","","","RAW_BRAND_CONFLICT","2"
"admission_bbb68e8955a1f3c5a0a94c0025ed57178e3d3ae0fef6dca9aea65bddada2bca2","2b33e284ae41635cefa3e3c9aff7ae23199cdd2c0a13b870bee04cbd25c4501d","QUARANTINE_IDENTITY_CONFLICT","APPROVED_SINGLE_CANDIDATE","QUARANTINED_IDENTITY_CONFLICT","false","","","RAW_BRAND_CONFLICT","2"
"admission_e2fe156c488905d118e5057a864e1684615110dde91e4c54eb30d4502b53a691","3f499edfbb070c22c22488f10c9e0ea0371eec252ea90483e9db09fd141755ba","QUARANTINE_IDENTITY_CONFLICT","APPROVED_SINGLE_CANDIDATE","QUARANTINED_IDENTITY_CONFLICT","false","","","RAW_BRAND_CONFLICT","2"
"admission_d7f557c6d46565b2bcabbb78e73f74496799e0ac63edbf5eef4ddbe8d86c195d","757201e9795353ed50e1696db7f2f31c347f179fe1ddba0a798f6ac8e1bd1e8a","QUARANTINE_IDENTITY_CONFLICT","APPROVED_SINGLE_CANDIDATE","QUARANTINED_IDENTITY_CONFLICT","false","","","RAW_BRAND_CONFLICT","2"
"admission_2860334468a944b9d3136795e815bfe0ac4c3ed08dfdf83643e0beb1dc935881","4557181cf5bc62da7c92e3fa8cc04f39e2cc286976cd4acbcde63bce55cd6971","QUARANTINE_IDENTITY_CONFLICT","APPROVED_SINGLE_CANDIDATE","QUARANTINED_IDENTITY_CONFLICT","false","","","RAW_BRAND_CONFLICT","2"
"admission_efd6c1cb94660396b8d584888ab29b433259fbcd731853a5d6e598f4b715c4bc","00f14b1d1ae9c6b50c480b99cfffc2f768ec484fbf3d1a7f93a5683d6f20e5b8","QUARANTINE_IDENTITY_CONFLICT","APPROVED_SINGLE_CANDIDATE","QUARANTINED_IDENTITY_CONFLICT","false","","","RAW_BRAND_CONFLICT","2"
"admission_3d590742a1b154c3d4c5ebe115c55199b9374267d246161bc30b19d2325c8765","393f350319ab2c5c1e47202f5cbc50c0763d09e4edfed2dc701f365302db7116","QUARANTINE_IDENTITY_CONFLICT","APPROVED_SINGLE_CANDIDATE","QUARANTINED_IDENTITY_CONFLICT","false","","","RAW_BRAND_CONFLICT","2"
"admission_25a4676fd4812cc5876c422b2fb3d21b8a66cae814f27a17bcf5eb41a0dff54d","a5cef963113cd45fefab1420d58551c39a663d4144e43eeaad06294decb958d1","QUARANTINE_IDENTITY_CONFLICT","APPROVED_SINGLE_CANDIDATE","QUARANTINED_IDENTITY_CONFLICT","false","","","RAW_BRAND_CONFLICT","2"
"admission_d40f2efac9b777526bc526db4b327e4b2684a4d5370974417d9a7005b4ac3bf1","baa2eab372fdcfd0d95a57a997104dda6d36c8db0b099514208b3a2c39562853","QUARANTINE_IDENTITY_CONFLICT","APPROVED_SINGLE_CANDIDATE","QUARANTINED_IDENTITY_CONFLICT","false","","","RAW_BRAND_CONFLICT","2"
"admission_2a5dfd4839daa1e59599c4a40f0c7f9b4adbd451923e8bf852c12a1b6cda4ac0","4a5bf7629de63f455092bc46376c347fbc28597732fd051f6027f667c702dcf2","QUARANTINE_IDENTITY_CONFLICT","APPROVED_SINGLE_CANDIDATE","QUARANTINED_IDENTITY_CONFLICT","false","","","RAW_BRAND_CONFLICT","2"
"admission_af3f9a0a82e5824837e05f1ae5693b21d87035e7781fa01fb432d0e03e5a9afe","01b98f8504205b09ce1b95e3b5140cb6a4215c5e7b4efe451890c0bd03862278","QUARANTINE_IDENTITY_CONFLICT","APPROVED_SINGLE_CANDIDATE","QUARANTINED_IDENTITY_CONFLICT","false","","","RAW_BRAND_CONFLICT","2"
"admission_70c321055a93e176683b1dcd847bd00c7dc8044d303e55c1dd5c67d120a53ec2","4e26773bb655fdd69973678b39376c3ac4b426d28a681c0037c05e4144e0650a","QUARANTINE_IDENTITY_CONFLICT","APPROVED_SINGLE_CANDIDATE","QUARANTINED_IDENTITY_CONFLICT","false","","","RAW_BRAND_CONFLICT","2"
"admission_19f50f5ca6066866e22dde1e88d9be5a18994d72fc963e0f1b532b95b064d7ed","0a2bc8b5b7ba4d51dd71f72c1dc523431e19c4777a0bf3a72f8b9ab9c8bd2613","QUARANTINE_IDENTITY_CONFLICT","APPROVED_SINGLE_CANDIDATE","QUARANTINED_IDENTITY_CONFLICT","false","","","RAW_BRAND_CONFLICT","2"
"admission_abdde056cdf24d393316590d082d133ed3527cec26019e87bd0a2f813c0d5ae3","7261bbb19b2cc4c6d8d0acda91b0388b56a37ab6a0e8dd9955c9ea7c19c023e3","QUARANTINE_IDENTITY_CONFLICT","APPROVED_SINGLE_CANDIDATE","QUARANTINED_IDENTITY_CONFLICT","false","","","RAW_BRAND_CONFLICT","2"
"admission_2d5f1509ad6059afd019324902bf4c863f1d6c366b86449cb7c3d3d27cf71c28","6766dc835bff15eb30272706974f4fa829906344df27fc4d359dcaa2e343aeff","QUARANTINE_IDENTITY_CONFLICT","APPROVED_SINGLE_CANDIDATE","QUARANTINED_IDENTITY_CONFLICT","false","","","RAW_BRAND_CONFLICT","2"
"admission_eee1873286c3bd8f58114f97a3e36126661b6a4bc9697e79725d5802b8add5c9","425db739530251a82bc8ddf44916fa81e66920c62d5f959e545507582b4c6f73","QUARANTINE_IDENTITY_CONFLICT","APPROVED_SINGLE_CANDIDATE","QUARANTINED_IDENTITY_CONFLICT","false","","","RAW_BRAND_CONFLICT","2"
"admission_bcc01662d3069a051e0c88b0b92635abd3de3059df3f77905775000860b7cab4","f3a11d83713074461cf4101438d0e1bc84cdb4c7034e85a1d584da603ace65fd","QUARANTINE_IDENTITY_CONFLICT","APPROVED_SINGLE_CANDIDATE","QUARANTINED_IDENTITY_CONFLICT","false","","","RAW_BRAND_CONFLICT","2"
"admission_2580f603a9f403afc8f31476aa154576047001194771a74c2d0c845a4ee9a1f9","31433aa9db95ef46d41c6fc2a697a33e5e1fb94847332395a5155387ec851a75","QUARANTINE_IDENTITY_CONFLICT","APPROVED_SINGLE_CANDIDATE","QUARANTINED_IDENTITY_CONFLICT","false","","","RAW_BRAND_CONFLICT","2"
"admission_f0e669dc9f76f964a8609c3febf79136d64d2158070fbfc7444c4a4406646d76","9cdf988151be5b56a715890f3e6e36cb471373f758b65f95afef87b03af0081c","QUARANTINE_IDENTITY_CONFLICT","APPROVED_SINGLE_CANDIDATE","QUARANTINED_IDENTITY_CONFLICT","false","","","RAW_BRAND_CONFLICT","2"
"admission_f530d02d33245e4f3767d2eb2403cdba4e3d11c022f731f0afaf69d8fecb8b5d","a38e7a28d1267580758f05f16ade478477e696374a0bc9fc0a7e0423659be69a","QUARANTINE_IDENTITY_CONFLICT","APPROVED_SINGLE_CANDIDATE","QUARANTINED_IDENTITY_CONFLICT","false","","","RAW_BRAND_CONFLICT","2"
"admission_763c89c03ffac67a2f5eef7aeffd766280e438176e8b086201f7a37e84e8a3c5","cf3a4db8ef45aae4745d2a99244702ad5ad4d1f9de676a485b75171169a89394","QUARANTINE_IDENTITY_CONFLICT","APPROVED_SINGLE_CANDIDATE","QUARANTINED_IDENTITY_CONFLICT","false","","","RAW_BRAND_CONFLICT","2"
"admission_6bb524da3386a11c0da8d92446a0589fe2df568fcb51c912ea6fc3789cf72e5c","3c18f43fe6977dfc8ed14dc0a975d780aa1a142dbfe40a61dc6a7f582902ec65","QUARANTINE_IDENTITY_CONFLICT","APPROVED_SINGLE_CANDIDATE","QUARANTINED_IDENTITY_CONFLICT","false","","","RAW_BRAND_CONFLICT","2"
"admission_b272614f1a1eae6eb1468102907770a0cc000fc371f798b1f71009463b7fa945","12771cd51dc3f2676ff97c0389c49de50abcdfb3bdc620bc9cce34bf0269aeb5","QUARANTINE_IDENTITY_CONFLICT","APPROVED_SINGLE_CANDIDATE","QUARANTINED_IDENTITY_CONFLICT","false","","","RAW_BRAND_CONFLICT","2"
"admission_42db6255288f42066f4f5f77ca1e92e9b691964b61ec5e63e69b638b566a12d6","155b058833e35b55ce5f740ebe35ad2ba62a7ee2cf2ad11441c595105373cbea","QUARANTINE_IDENTITY_CONFLICT","APPROVED_SINGLE_CANDIDATE","QUARANTINED_IDENTITY_CONFLICT","false","","","RAW_BRAND_CONFLICT","2"
"admission_45be93908a501301971f83fd98a3825cdcbf6c70935b10a53ef858640ad2416c","618bfb54d8a05e0beda849b855384bc34493faf04951e1703fa32ac470c8d054","QUARANTINE_IDENTITY_CONFLICT","APPROVED_SINGLE_CANDIDATE","QUARANTINED_IDENTITY_CONFLICT","false","","","RAW_BRAND_CONFLICT","2"
"admission_8cddd5d294cfc1e0eab5cf96885959ed964d582006aa722057225801aca45d32","960ceb3dc0e3fe640236803099747448e87d752253533e938fa85b616b3462aa","QUARANTINE_IDENTITY_CONFLICT","APPROVED_SINGLE_CANDIDATE","QUARANTINED_IDENTITY_CONFLICT","false","","","RAW_BRAND_CONFLICT","2"
"admission_a23fde36ed8076e10d5359dad92e9197f3ce5fbc21853030a503479ed6b50358","baa62bdca0e73cf8d95efe951e13953fa12dda4e61ef0fa13751c426af49d438","QUARANTINE_IDENTITY_CONFLICT","APPROVED_SINGLE_CANDIDATE","QUARANTINED_IDENTITY_CONFLICT","false","","","RAW_BRAND_CONFLICT","2"
"admission_4c466e92e451e0865d306db13c8786b604d2a190649631c795dd3788943ee8d2","b23bbbdc985a8d77d830b9949c271b5a77e9f347ebfcce317a7013ee97d9af3b","QUARANTINE_IDENTITY_CONFLICT","APPROVED_SINGLE_CANDIDATE","QUARANTINED_IDENTITY_CONFLICT","false","","","CATALOG_BRAND_CONFLICT","3"
"admission_6c45560f7339dfe68e0e823e0ac822ffbd17dd552048ca6ac1d3c82c4c44e46d","72e907401f4bb4406bdc3b18ea144b9627f8b78f68fe23573775ebcf7fc02c43","QUARANTINE_IDENTITY_CONFLICT","APPROVED_SINGLE_CANDIDATE","QUARANTINED_IDENTITY_CONFLICT","false","","","RAW_BRAND_CONFLICT","2"
"admission_1f2b40801507ce5394a76cb28061c9e65b3debc8883b941aebe878fbaa94d659","21da8f55fb5f24e7e229a9d0dadfc09d5751dab6c842ecfa66347683a590ad44","QUARANTINE_IDENTITY_CONFLICT","APPROVED_SINGLE_CANDIDATE","QUARANTINED_IDENTITY_CONFLICT","false","","","RAW_BRAND_CONFLICT","2"
"admission_26b5852ad8eca5c340e0c3423388ccf0d65ec27b0c786b43286dc6d15bd9f85a","6ab90b044d227fc81fd80dc7a6738f9f35c07ff55ab360553cb003e11d051b1d","QUARANTINE_IDENTITY_CONFLICT","APPROVED_SINGLE_CANDIDATE","QUARANTINED_IDENTITY_CONFLICT","false","","","RAW_BRAND_CONFLICT","2"
"admission_3d2ee51c472c6e445d4d40e0986172fb5acd02faa308f06809608e7f308f38cd","9b7f89a430675a6298e82f77536b368ace5696b4d2dbb8f9d9d08a61969fb924","QUARANTINE_IDENTITY_CONFLICT","APPROVED_SINGLE_CANDIDATE","QUARANTINED_IDENTITY_CONFLICT","false","","","RAW_BRAND_CONFLICT","2"
"admission_490e5873a09bdb227ddf9b158ca64336a4b8ab114169aca04e5bb1df8201295f","4502a0b99cbbdb9fcbb205ff681d024874682e58d4a681986ec414a6a2e1cdc8","QUARANTINE_IDENTITY_CONFLICT","APPROVED_SINGLE_CANDIDATE","QUARANTINED_IDENTITY_CONFLICT","false","","","RAW_BRAND_CONFLICT","2"
"admission_be50854020f4a076aaeacb4659ccbd180525a528361906a5cdab1910976d932e","7c4173bc76f7c393636050ba7927c57b3adcf2a10d9be64435613f3debad65a1","QUARANTINE_IDENTITY_CONFLICT","APPROVED_SINGLE_CANDIDATE","QUARANTINED_IDENTITY_CONFLICT","false","","","RAW_BRAND_CONFLICT","2"
"admission_546b7dd06248eae72681877fc93a752cb89141dda3412e4a65f8ea2d4c80203d","524f1a1ba10ac13ecc126e6ee1dc8c190943f5ee6ae834c3a070e071703474c4","QUARANTINE_IDENTITY_CONFLICT","APPROVED_SINGLE_CANDIDATE","QUARANTINED_IDENTITY_CONFLICT","false","","","RAW_BRAND_CONFLICT","2"
"admission_6b81f03a704c8c7497eb680fde3241e994877998680eb21f22c656f6f0357b8c","c42c54e3952190cfe356c3eb22dce35e2c13113cc402bedfafb7cde5e49b0bd5","QUARANTINE_IDENTITY_CONFLICT","APPROVED_SINGLE_CANDIDATE","QUARANTINED_IDENTITY_CONFLICT","false","","","RAW_BRAND_CONFLICT","2"
"admission_ef091f85bef7ca555876bcd79a8f7675e489d61438db0113b57bf6325600f733","6a27fd8141a2b01d3e9d70943ebb3f00194a69335b6b2bff3a504be0634c1042","QUARANTINE_IDENTITY_CONFLICT","APPROVED_SINGLE_CANDIDATE","QUARANTINED_IDENTITY_CONFLICT","false","","","RAW_BRAND_CONFLICT","2"
"admission_1ddc390efeb2c0cda913349b51700eb24ce0ee374c1643a6d56bed6e0fcf2636","6e8f7d7593f63dfb335c5c039745033fc1f4dbe3652092b5c704c061a1fbf88f","QUARANTINE_IDENTITY_CONFLICT","APPROVED_SINGLE_CANDIDATE","QUARANTINED_IDENTITY_CONFLICT","false","","","RAW_BRAND_CONFLICT","2"
"admission_8da56fef27b35a0c7a81def40660214c152cb59df585fe2f03d8a9f35479981b","dd5fa6d73b57c57a42c355153f7392290f9a5d80ed277dd9df093138945c6f1d","QUARANTINE_IDENTITY_CONFLICT","APPROVED_SINGLE_CANDIDATE","QUARANTINED_IDENTITY_CONFLICT","false","","","RAW_BRAND_CONFLICT","2"
"admission_8ffaffe1fb6b554d40170358e66ad28e73972c1c6653a52cfe7cb213ea5f8707","5121852a7b9a40e74cbeda9d4fbea8a9d0aab3a6e5eb40e81df32280c2649994","QUARANTINE_IDENTITY_CONFLICT","APPROVED_SINGLE_CANDIDATE","QUARANTINED_IDENTITY_CONFLICT","false","","","RAW_BRAND_CONFLICT","2"
"admission_cdde40ec8239d73e9ef47ed4a73773abba2a626d53c57f81a94d3443055c3c53","7c7cf29c96b68e1d162af683b18c67f5a23755c3d5f4a78f4dbb9238a509d2c2","QUARANTINE_IDENTITY_CONFLICT","APPROVED_SINGLE_CANDIDATE","QUARANTINED_IDENTITY_CONFLICT","false","","","RAW_BRAND_CONFLICT","2"
"admission_199ae0d1e7edf909902b450d375d2cd36839f2e3230d1ace03a98364328f5cfb","99c3464c287f1beaccc15c2eab8bf99bc957683a09e54d5b77f04542f2a0d766","QUARANTINE_IDENTITY_CONFLICT","APPROVED_SINGLE_CANDIDATE","QUARANTINED_IDENTITY_CONFLICT","false","","","RAW_BRAND_CONFLICT","2"
"admission_6f81b84b4c38d52ad084eea06f5c14a4ad096152f445d384ac039b68191a41de","025f014704167d6567d020b6a65c895ff6f8306bcbf1306ddf802687b503f1ea","QUARANTINE_IDENTITY_CONFLICT","APPROVED_SINGLE_CANDIDATE","QUARANTINED_IDENTITY_CONFLICT","false","","","RAW_BRAND_CONFLICT","2"
"admission_00db5f3a722717ae91c00af3b00a3b8ce745abc3898638e87eba14c98112ac2b","8221e2f5fb0a245a60dede95b2dcfa409a45d926cc766cd3cb9866f3e5be563c","QUARANTINE_IDENTITY_CONFLICT","APPROVED_SINGLE_CANDIDATE","QUARANTINED_IDENTITY_CONFLICT","false","","","RAW_BRAND_CONFLICT","2"
"admission_2094ae70f407826af4db0302eee0917e0230b0b8d90e484b84c143697a02018b","9a9a6b2432c2e469dc78a442c47ee6c79a2681cb0a12b83e83e08deb07f44a78","QUARANTINE_IDENTITY_CONFLICT","APPROVED_SINGLE_CANDIDATE","QUARANTINED_IDENTITY_CONFLICT","false","","","RAW_BRAND_CONFLICT","2"
"admission_41f2ffb20e1594d3e93dd68e383832eb6f3106ba84306c5434b249bcede29625","cbcf625047f652de9c7dbea8c6db96d064bd0481ee2cb997155296e9d5b5d95b","QUARANTINE_IDENTITY_CONFLICT","APPROVED_SINGLE_CANDIDATE","QUARANTINED_IDENTITY_CONFLICT","false","","","RAW_BRAND_CONFLICT","2"
"admission_af5af876b632f9f6375db2a72f11563c58efab4d983170608b8fe9f9155e991e","0296cff2f801dd77acafa1b12054cf0a0ec21a1b340e69ecef74c439b70bfef9","QUARANTINE_IDENTITY_CONFLICT","APPROVED_SINGLE_CANDIDATE","QUARANTINED_IDENTITY_CONFLICT","false","","","RAW_BRAND_CONFLICT","2"
"admission_f0c0c563b6a898578b9498eb0c989ece39f47a99919267cae862a5c0965cbddd","855bf9b482960f26baed9f2af8932a9587e7fe5b301ce97eab117305b02eb402","QUARANTINE_IDENTITY_CONFLICT","APPROVED_SINGLE_CANDIDATE","QUARANTINED_IDENTITY_CONFLICT","false","","","RAW_BRAND_CONFLICT","2"
"admission_4995969c986041eaaf89543e4a6a840f191df0f974a4d90d6cc90cdc65e12d3c","2b02e50d73d71c2ec9e27911576a935aa94d718e9e9eac24e66f3eb499e87e00","QUARANTINE_IDENTITY_CONFLICT","APPROVED_SINGLE_CANDIDATE","QUARANTINED_IDENTITY_CONFLICT","false","","","RAW_BRAND_CONFLICT","2"
"admission_0811e6896a7863bba3147171eab422e9b227ac38271970150d87f11d33d915ce","e2cb140472d39b6db8985b59de8f5948f7d910511a4337922a5c292fc02a057c","QUARANTINE_IDENTITY_CONFLICT","APPROVED_SINGLE_CANDIDATE","QUARANTINED_IDENTITY_CONFLICT","false","","","RAW_BRAND_CONFLICT","2"
"admission_4d3bc4e1525ec8d7462bb43ae3951911afba1db4e2d42d1c10de7aa5b14c6122","5568d94d32f0bd18063c61a925e323e27fff616fd09fb8607a825c4cb1214ee8","QUARANTINE_IDENTITY_CONFLICT","APPROVED_SINGLE_CANDIDATE","QUARANTINED_IDENTITY_CONFLICT","false","","","RAW_BRAND_CONFLICT","2"
"admission_ce97fd95e2e12ea8438cd3b648bc859abf3f1aaf1e03e4b75da46e9885c9fb7d","e5c3a4bb9de15b6ec592c3fc589ebb0fa9d49b70d8abe9d3f50685888cd273ab","QUARANTINE_IDENTITY_CONFLICT","APPROVED_SINGLE_CANDIDATE","QUARANTINED_IDENTITY_CONFLICT","false","","","RAW_BRAND_CONFLICT","2"
"admission_cbf6a1a5b5942570b59b38c67be1c4aabfa96ad5e9631e47635b06868693ad5b","7114416eb8409cf4d06a8a21e222cacc0a1c5ea6c4e7c191e3d10c4ccf66471e","QUARANTINE_IDENTITY_CONFLICT","APPROVED_SINGLE_CANDIDATE","QUARANTINED_IDENTITY_CONFLICT","false","","","RAW_BRAND_CONFLICT","2"
"admission_b8ffd54d2ddcafb981b9132d93156351c1774e7b3854ff9f1299bc52d6e32851","e6dfe2e95dea4bde8d398c2e2c7ae673658ef40182bfd5a562037190990fc881","QUARANTINE_IDENTITY_CONFLICT","APPROVED_SINGLE_CANDIDATE","QUARANTINED_IDENTITY_CONFLICT","false","","","RAW_BRAND_CONFLICT","2"
"admission_0ec58caee78af54254922d7e376154644d399b3bdc65912abd226c7e8d9be72c","a2038fd5897bac73522560ab0d9916bdca0a8769daba3f0fe02e864de9893c24","QUARANTINE_IDENTITY_CONFLICT","APPROVED_SINGLE_CANDIDATE","QUARANTINED_IDENTITY_CONFLICT","false","","","RAW_BRAND_CONFLICT","2"
"admission_927cc1f873240048248dd5d1717bd1ae88719e8f365b8b8a2039a3e7e9c0674a","02d0b086505fe447e2029b36393563b1bbb5a113367629009358aafb1d3caeb7","QUARANTINE_IDENTITY_CONFLICT","APPROVED_SINGLE_CANDIDATE","QUARANTINED_IDENTITY_CONFLICT","false","","","RAW_BRAND_CONFLICT","2"
"admission_1617c9896616113d73d0bcb571c80c5267524ce55820ce7c22e8e29b9c79e487","0dd801389553aa81a97fdff4d3d9877b92fe109157042758012c60b1013a5c2d","QUARANTINE_IDENTITY_CONFLICT","APPROVED_SINGLE_CANDIDATE","QUARANTINED_IDENTITY_CONFLICT","false","","","RAW_BRAND_CONFLICT","2"
"admission_ca910f1ff405e5048ca1ba1f0a123bb0c3f18662ed4a66b3f66c2eeb70d8b36c","40174a33327329bd72d10d41e0c07e62f430d85ea1d929cac2a6b88d4356d0e5","QUARANTINE_IDENTITY_CONFLICT","APPROVED_SINGLE_CANDIDATE","QUARANTINED_IDENTITY_CONFLICT","false","","","CATALOG_BRAND_CONFLICT","3"
"admission_4d093edb937f4b1e595fc028cf37ce97f3c98faf40107638ade3cdc4262624ca","77560f2c9076819be8ed54ab75ceebdb65a8129315ed3eef61c1b18b62c7fe66","QUARANTINE_IDENTITY_CONFLICT","APPROVED_SINGLE_CANDIDATE","QUARANTINED_IDENTITY_CONFLICT","false","","","RAW_BRAND_CONFLICT","2"
"admission_cd3d29d4e059009729c0a1c498c26c50c3d3c6640bc435687a8c9dff70ee7b67","318be182594d2fb5dea84894a8759626234257b9b533fbc5f50e516c1a4b560d","QUARANTINE_IDENTITY_CONFLICT","APPROVED_SINGLE_CANDIDATE","QUARANTINED_IDENTITY_CONFLICT","false","","","RAW_BRAND_CONFLICT","2"
"admission_d26ebe8ab83047744714233c918de59db37c81692b209240a3595c01757769e3","2ab33fddec95f6c3165eaaa67d389638f4e711bdb2e7a2cd4ea0ddfa2a5ab134","QUARANTINE_IDENTITY_CONFLICT","APPROVED_SINGLE_CANDIDATE","QUARANTINED_IDENTITY_CONFLICT","false","","","RAW_BRAND_CONFLICT","2"
"admission_0727e5c86f248c9ababef0daa050eb9bda3133943f1c04c0d6d62c0ab70d7ea9","531742d5bc86ba914cad7cbd859aaeba2a022392a45b6ca4a005ee285ccc367e","QUARANTINE_IDENTITY_CONFLICT","APPROVED_SINGLE_CANDIDATE","QUARANTINED_IDENTITY_CONFLICT","false","","","RAW_BRAND_CONFLICT","2"
"admission_53a57bcee56e59d4847a093de1693bf3ed3e849c3cb62a09280cef59c3540980","d5cdbd5cdaf7a18297c3d50d79d950dcfc03d87081ce7b7b2431136eeaa9de08","QUARANTINE_IDENTITY_CONFLICT","APPROVED_SINGLE_CANDIDATE","QUARANTINED_IDENTITY_CONFLICT","false","","","RAW_BRAND_CONFLICT","2"
"admission_7ae26af3b50b37e3bc585325ef1358fd6308e4930853b47a8a430520b270068a","3063116e5a0bfb372e1002d2a73406a0a16386d15af3e32e3ad6ae6b448c086c","QUARANTINE_IDENTITY_CONFLICT","APPROVED_SINGLE_CANDIDATE","QUARANTINED_IDENTITY_CONFLICT","false","","","RAW_BRAND_CONFLICT","2"
"admission_b9a035c5bef4625d160e9ffd0b35f7458acd47f4c9d1c7878efaec749ccb0438","506d16e40d51d80c4259f53becec8d040e727f9918da4225dbec45389ea3030c","QUARANTINE_IDENTITY_CONFLICT","APPROVED_SINGLE_CANDIDATE","QUARANTINED_IDENTITY_CONFLICT","false","","","RAW_BRAND_CONFLICT","2"
"admission_28d5159578c233b1a069b8712e8333b406750e4ad3595c202b27b48381d6fde8","8c647b07895c4c578080d20d468f30b14289ddf99780b1917193d8fd49ad2312","QUARANTINE_IDENTITY_CONFLICT","APPROVED_SINGLE_CANDIDATE","QUARANTINED_IDENTITY_CONFLICT","false","","","RAW_BRAND_CONFLICT","2"
"admission_61588c59215a2cd4fa40d869e0b8a1a4ca053dc724c263764415569bd5ba67b1","8df24c2bbfef5bc61ad5ef6159159d9ce97dfd5769732b4e5f41ac3ecc9da08b","QUARANTINE_IDENTITY_CONFLICT","APPROVED_SINGLE_CANDIDATE","QUARANTINED_IDENTITY_CONFLICT","false","","","RAW_BRAND_CONFLICT","2"
"admission_01dc47df8e95ac329097405c25c365c21abf3db83c637f3c245c700cd86b75e5","4011627f151b473b145faba3b84352ce7ba1f932c8bb6f2e7fa82e3e47cca584","QUARANTINE_IDENTITY_CONFLICT","APPROVED_SINGLE_CANDIDATE","QUARANTINED_IDENTITY_CONFLICT","false","","","RAW_BRAND_CONFLICT","2"
"admission_27a3114515705539e9968c7623405d471b6df664362d66a2105583d5b52bb802","126b5bb683da2b4507587ce4c040dd782a18ff7921e212c0ebacd37c3897c36d","QUARANTINE_IDENTITY_CONFLICT","APPROVED_SINGLE_CANDIDATE","QUARANTINED_IDENTITY_CONFLICT","false","","","RAW_BRAND_CONFLICT","2"
"admission_6771e730a02dfe09cadbe1d9b1b530ef6e432ff38229854853ea969b7881722c","8473ab2615be89723aa3ff2ccf83529a3d51c5b291cd9f4d543ae895a87c1c8b","QUARANTINE_IDENTITY_CONFLICT","APPROVED_SINGLE_CANDIDATE","QUARANTINED_IDENTITY_CONFLICT","false","","","RAW_BRAND_CONFLICT","2"
"admission_58d0e64076a960a5d71439117a435a8f258f5782cf8f072ee1e995edf9266e75","33f50e52c831436221784de56cb724d207a8f23eeae16e40e2365ce602a5cd85","QUARANTINE_IDENTITY_CONFLICT","APPROVED_SINGLE_CANDIDATE","QUARANTINED_IDENTITY_CONFLICT","false","","","RAW_BRAND_CONFLICT","2"
"admission_8ebf51de6db0b88b51b0ebc0a2889f5044fbf4d7f8b7efd62d1a3e9c76344fab","2a658229f783385706f944fe75ff8d9719fee5edce426ce24f0272ac3c6f73cd","QUARANTINE_IDENTITY_CONFLICT","APPROVED_SINGLE_CANDIDATE","QUARANTINED_IDENTITY_CONFLICT","false","","","RAW_BRAND_CONFLICT","2"
"admission_fe479eca66cce5002aa11563f9f62d11322cb815dbb9d7d57a5b156f2df3e208","e99dfc532240ce67aa3cdf9a4f9589ba8639d3cbe83ff544224fb9dbe87ae6cf","QUARANTINE_IDENTITY_CONFLICT","APPROVED_SINGLE_CANDIDATE","QUARANTINED_IDENTITY_CONFLICT","false","","","RAW_BRAND_CONFLICT","2"
"admission_ddbcf8d5dfc4dedb86a1b043ae0803dc9a7c72115ae872d023124a5b049eb96a","f39e91aa6b7d141d61d18ed1b2cabd9f12997196d0239366b8f940e82ce98693","QUARANTINE_IDENTITY_CONFLICT","APPROVED_SINGLE_CANDIDATE","QUARANTINED_IDENTITY_CONFLICT","false","","","RAW_BRAND_CONFLICT","2"
"admission_789e63aaf4dbf5d8f767222a65e4468c6d998c6845157a9f44be200c14034dcf","70936e11cd1e5969c57656fe78734f0c2ea2f55db38b8a0d3764eb92a66024a6","QUARANTINE_IDENTITY_CONFLICT","APPROVED_SINGLE_CANDIDATE","QUARANTINED_IDENTITY_CONFLICT","false","","","CATALOG_BRAND_CONFLICT","3"
"admission_c85e54485dcdec87cd6d9da96874da3779779a232f609dc9a5b2f1404c4544a1","e441d789a731fdba2ef13c344461fca7ccd691690c042061e29ab20d5aed5960","QUARANTINE_IDENTITY_CONFLICT","APPROVED_SINGLE_CANDIDATE","QUARANTINED_IDENTITY_CONFLICT","false","","","RAW_BRAND_CONFLICT","2"
"admission_22dc5e8a1a17774ea9b68328235b262a4b4913d21ca147f3be30aa460b2df282","b1c7687993d39beb6c424e6cd2ca3c2731ee231bdbe21bdce9ac36033dc131df","QUARANTINE_IDENTITY_CONFLICT","APPROVED_SINGLE_CANDIDATE","QUARANTINED_IDENTITY_CONFLICT","false","","","CATALOG_BRAND_CONFLICT","3"
"admission_6d6602255bb6a3c660b09d650aa938da02107caa47d0a8d97c5a8e3d450f119d","8d069fe678cdf1ae92b74621c8133998369b0e1d8a43aa1cadc7ec0b8451ec8a","QUARANTINE_IDENTITY_CONFLICT","APPROVED_SINGLE_CANDIDATE","QUARANTINED_IDENTITY_CONFLICT","false","","","RAW_BRAND_CONFLICT","2"
"admission_203a39ac37e2fa241106d82ebfb6c06c71cfa889461a4641221f72b6d250e2a0","fec27a2d5cf8950c8cb6590080757c37efce614594c8bdc5fcfb777996a4e0a1","QUARANTINE_IDENTITY_CONFLICT","APPROVED_SINGLE_CANDIDATE","QUARANTINED_IDENTITY_CONFLICT","false","","","CATALOG_BRAND_CONFLICT","3"
"admission_23d0778ef2cf727dd196103d438b67633cb1a3a57816fc68a72f5289de61bfa7","57ab2abe36f4fe64b77f180f85aaf408b905d6cd1b005ad9412fd220093d7d88","QUARANTINE_IDENTITY_CONFLICT","APPROVED_SINGLE_CANDIDATE","QUARANTINED_IDENTITY_CONFLICT","false","","","CATALOG_BRAND_CONFLICT","3"
"admission_2bdd8608484516541d25b4662feceb426adaa5316b6a516c4cb4f65a9bf4683f","207eb832bd2aad3510cfdc2375605d46b607bf19703b319f595cbe08505319e7","QUARANTINE_IDENTITY_CONFLICT","APPROVED_SINGLE_CANDIDATE","QUARANTINED_IDENTITY_CONFLICT","false","","","RAW_BRAND_CONFLICT","2"
"admission_9adac30c15e0fed7bf8a444017e9ce344734bc5056f41c43784c06d2a09ddb79","12d3a5b65f2e33a0cee5b3249631955684b51de900dc6432335a5ba33ff09401","QUARANTINE_IDENTITY_CONFLICT","APPROVED_SINGLE_CANDIDATE","QUARANTINED_IDENTITY_CONFLICT","false","","","CATALOG_BRAND_CONFLICT","3"
"admission_98c0ecd215b2fbe2e2d8d0319a335b2e7a9769de3287a5a1bf82aa73c32ce341","2879c892a1f0c682a66d4f0fcd6397ed9af5819d43d0b4e28572f9a2af6d6b6b","QUARANTINE_IDENTITY_CONFLICT","APPROVED_SINGLE_CANDIDATE","QUARANTINED_IDENTITY_CONFLICT","false","","","CATALOG_BRAND_CONFLICT","3"
"admission_a5f8f4fad4a1cd79647263da71e8ca402411ee8481554e220d993e155429917d","fa7767de60692025c572cb14ce872a6b837ea2bdfd75ee32115e64cf835c6e0e","QUARANTINE_IDENTITY_CONFLICT","APPROVED_SINGLE_CANDIDATE","QUARANTINED_IDENTITY_CONFLICT","false","","","RAW_BRAND_CONFLICT","2"
"admission_a4a4d0322e021b395210fec2c0d7da292d323448295bb67f5d826f12732e5aab","465a7b56dcc036f9438a331e1f71992a84e5bdf4c3bd2e65be64cfd46b5555bf","QUARANTINE_IDENTITY_CONFLICT","APPROVED_SINGLE_CANDIDATE","QUARANTINED_IDENTITY_CONFLICT","false","","","RAW_BRAND_CONFLICT","2"
"admission_faca9baeb84f02343f959c209568c172304765f7ba264c4e2ca4558c6984efca","0f72ecb07f6d75f9007920af5819d658815d72b8226a2dc0a1323b5094b38033","QUARANTINE_IDENTITY_CONFLICT","APPROVED_SINGLE_CANDIDATE","QUARANTINED_IDENTITY_CONFLICT","false","","","CATALOG_BRAND_CONFLICT","3"
"admission_cabf6d451ccecc96e1a895fb8845e9e94d6827b27eee7e36977cd70e001b061c","98b3c2784d4c60b1fc7145fe46c7e9bdb6f299b8f18fec0eb1b5bde69ab1833f","QUARANTINE_IDENTITY_CONFLICT","APPROVED_SINGLE_CANDIDATE","QUARANTINED_IDENTITY_CONFLICT","false","","","CATALOG_BRAND_CONFLICT","3"
"admission_f08b57409c7b047745618e09d995ed4ba7564f7ded3e438b939cf655aa700eee","3b48c3239d8ca41b6d9298eb85eebac0de3e10d91585d4995a7239e413f4abde","QUARANTINE_IDENTITY_CONFLICT","APPROVED_SINGLE_CANDIDATE","QUARANTINED_IDENTITY_CONFLICT","false","","","CATALOG_BRAND_CONFLICT","3"
"admission_08371d243f40822d84c2ab28dd71026c922f6d9e40a6752e6d295242b4c4d917","5111bdc22b05fa042aaa88bd3508fefe8a826a2b222dfc9ae4af3550a3130c08","QUARANTINE_IDENTITY_CONFLICT","APPROVED_SINGLE_CANDIDATE","QUARANTINED_IDENTITY_CONFLICT","false","","","CATALOG_BRAND_CONFLICT","3"
"admission_074fe2d91cc73e402ce88e04fac5fdf03e111e74db4f90b124d58018a6c8b075","abc0bdfa31de9081ed91785e11dc08ef973648401056a8671ca659897daf4ffa","QUARANTINE_IDENTITY_CONFLICT","APPROVED_SINGLE_CANDIDATE","QUARANTINED_IDENTITY_CONFLICT","false","","","RAW_BRAND_CONFLICT","2"
"admission_71368cd430fc1ff1a15e0db5288b6cead287698e2d35aaf9e01bac2d8d25667a","0c699d5a13026d4ec388e337d129bcc1c811e493632057eded69daa70c585824","QUARANTINE_IDENTITY_CONFLICT","APPROVED_SINGLE_CANDIDATE","QUARANTINED_IDENTITY_CONFLICT","false","","","CATALOG_BRAND_CONFLICT","3"
"admission_32d659be9d3569eb003589c636393f76bf15feb00879e4b43a07a79730fffb25","d3462e58e5f480cae9b5a607dd1d6d5d2e0cee5e9bf89ad7d18125e1a5c90c3b","QUARANTINE_IDENTITY_CONFLICT","APPROVED_SINGLE_CANDIDATE","QUARANTINED_IDENTITY_CONFLICT","false","","","CATALOG_BRAND_CONFLICT","3"
"admission_afe1bbaf17b0da3c724d01471ad3821ba8de18046e435c11b41917005bef8f5c","1b24d740f4fe69abffeb2337b47f0b5a1c1e752235de803428d8d16178ebdccf","QUARANTINE_IDENTITY_CONFLICT","APPROVED_SINGLE_CANDIDATE","QUARANTINED_IDENTITY_CONFLICT","false","","","CATALOG_BRAND_CONFLICT","3"
