"listing_id","source_payload_sha256","action","expected_status","new_status","target_price_evidence_status","null_price","canary_category","canary_priority"
"admission_022b8c16d1e0b987a011b9d7f73ab0bd456aeda240d29e12ce4f20b5b983020a","69ac5e833a6f0ba01d0d46d180ac73232ca6e39f2cd388ee8089c9774ced3504","RECONCILE_LEGACY_LEDGER_PRICE_EVIDENCE","SOURCE_EXPLICIT_USD_MATCH","PRICE_RESEARCH_ADMISSION_NOT_ELIGIBLE","PRICE_RESEARCH_ADMISSION_NOT_ELIGIBLE","false","LEGACY_PRICE_RETAIN","2"
"admission_03081d7c021c7e0abe2949a270c77c89c278edd6801196bdbf958ac2d539df9a","d47d38a63db4c8985e2d648eb83fe5c4e55624199088e0bd2bc55f9bcc923f0b","RECONCILE_LEGACY_LEDGER_PRICE_EVIDENCE","SOURCE_EXPLICIT_USD_MATCH","PRICE_NOT_SUPPLIED","PRICE_NOT_SUPPLIED","true","LEGACY_PRICE_NULL","1"
"admission_03c6ec334332ff5c3eb401be7c96fb61bd21df82159d3a0054ddae8cb13ffc84","162846dcdd502eafea21f1e22f043200686a816f0f76200c0cfabd3a6be9e285","RECONCILE_LEGACY_LEDGER_PRICE_EVIDENCE","SOURCE_EXPLICIT_USD_MATCH","PRICE_NOT_SUPPLIED","PRICE_NOT_SUPPLIED","true","LEGACY_PRICE_NULL","1"
"admission_04143de50e08c0b289a36f44a8f8921f24d8895560532cda011b8c0d32955fef","1b5295a0a52a0c864c3e68bf9a4df4183731bc13307c1969996b6d72fd9d22e1","RECONCILE_LEGACY_LEDGER_PRICE_EVIDENCE","SOURCE_EXPLICIT_USD_MATCH","PRICE_RESEARCH_ADMISSION_NOT_ELIGIBLE","PRICE_RESEARCH_ADMISSION_NOT_ELIGIBLE","false","LEGACY_PRICE_RETAIN","2"
"admission_04ba9b2537a5a0cc7b77b8e0bf63e2b7dacc15466f063be2fdfe1c0ffe2b94d1","f72e802902d2a3f29b7f3a43b10c3a7f013cb627da0b90a10e6d13bb40eade4f","RECONCILE_LEGACY_LEDGER_PRICE_EVIDENCE","SOURCE_EXPLICIT_USD_MATCH","PRICE_RESEARCH_ADMISSION_NOT_ELIGIBLE","PRICE_RESEARCH_ADMISSION_NOT_ELIGIBLE","false","LEGACY_PRICE_RETAIN","2"
"admission_04cf5c04f28b7fd54d0ea75e03f383b2c99429406874ce59a37d9fe56b28328f","658be40cb240d5cd646f8b342640d53f92cec2b5d4b3fba23541e1287cd840a8","RECONCILE_LEGACY_LEDGER_PRICE_EVIDENCE","SOURCE_EXPLICIT_USD_MATCH","PRICE_RESEARCH_ADMISSION_NOT_ELIGIBLE","PRICE_RESEARCH_ADMISSION_NOT_ELIGIBLE","false","LEGACY_PRICE_RETAIN","2"
"admission_04e5ff189a653b0c905a654b18114242dfc7a6fe1db0453b000557ca4097ba1e","e9a65a802548d518112a83ff3144d4b4d13d11b895db7d51d92adc5645ff5ccc","RECONCILE_LEGACY_LEDGER_PRICE_EVIDENCE","SOURCE_EXPLICIT_USD_MATCH","PRICE_NOT_SUPPLIED","PRICE_NOT_SUPPLIED","true","LEGACY_PRICE_NULL","1"
"admission_0567d4f152039cc1ea605f4f527464516045f5535e746615b8b2980fcd9bd812","9cd17336d12b4e1332a262a66261603e74917a83919ab38b3927929af94fc025","RECONCILE_LEGACY_LEDGER_PRICE_EVIDENCE","SOURCE_EXPLICIT_USD_MATCH","PRICE_NOT_SUPPLIED","PRICE_NOT_SUPPLIED","true","LEGACY_PRICE_NULL","1"
"admission_0728f0ffdd71fe07e68e1a873b9845a38886c82fb2ee571562badefd68734f8c","cb677d196cd764b47e296f0289d4b648fc7cac8b6e2fb0d579bafaaf8e2ea414","RECONCILE_LEGACY_LEDGER_PRICE_EVIDENCE","SOURCE_EXPLICIT_USD_MATCH","PRICE_RESEARCH_ADMISSION_NOT_ELIGIBLE","PRICE_RESEARCH_ADMISSION_NOT_ELIGIBLE","false","LEGACY_PRICE_RETAIN","2"
"admission_076012418f86cb17d7d333d264fa10de5c0289deac8d4b24b44506db29b2ee9d","7904cf2bf9cb7d8a81ed6bbc0c90a0b658d1fc00266f75245c4b1e4df44ccd86","RECONCILE_LEGACY_LEDGER_PRICE_EVIDENCE","SOURCE_EXPLICIT_USD_MATCH","PRICE_RESEARCH_ADMISSION_NOT_ELIGIBLE","PRICE_RESEARCH_ADMISSION_NOT_ELIGIBLE","false","LEGACY_PRICE_RETAIN","2"
"admission_0920364245ab6371c9f8c39d9155d07d361fa1876b8655725f254fcb23b3f045","d06d0a57db5950232cd83b7fd5a3b3421c12c90b4da1bef00b0f2adffdf2cdba","RECONCILE_LEGACY_LEDGER_PRICE_EVIDENCE","SOURCE_EXPLICIT_USD_MATCH","PRICE_RESEARCH_ADMISSION_NOT_ELIGIBLE","PRICE_RESEARCH_ADMISSION_NOT_ELIGIBLE","false","LEGACY_PRICE_RETAIN","2"
"admission_0a0a6181be1242e9706f7c9d5df88950da71b8eaed1ed4e284e88e2275929c34","5194ba2ab67bd311b9718c879e18fba8612b89014dc06423a4bb4e1e74b66c8b","RECONCILE_LEGACY_LEDGER_PRICE_EVIDENCE","SOURCE_EXPLICIT_USD_MATCH","PRICE_NOT_SUPPLIED","PRICE_NOT_SUPPLIED","true","LEGACY_PRICE_NULL","1"
"admission_0af389a7133b5504acc86c390eb4b9ced74556f03e7f020c3d8a14971a5dcccd","39d53b78927664609e9fae1858304df0bca839b77ee352066223b91af427e944","RECONCILE_LEGACY_LEDGER_PRICE_EVIDENCE","SOURCE_EXPLICIT_USD_MATCH","PRICE_RESEARCH_ADMISSION_NOT_ELIGIBLE","PRICE_RESEARCH_ADMISSION_NOT_ELIGIBLE","false","LEGACY_PRICE_RETAIN","2"
"admission_0ba74dc71e9b6d7695160dafa859fddb683895e066760e29d04ace938ff13a64","a6df04d8c50c208ee94d7d21df59e67a9b074ba02f3176292e672548556eebde","RECONCILE_LEGACY_LEDGER_PRICE_EVIDENCE","SOURCE_EXPLICIT_USD_MATCH","PRICE_RESEARCH_ADMISSION_NOT_ELIGIBLE","PRICE_RESEARCH_ADMISSION_NOT_ELIGIBLE","false","LEGACY_PRICE_RETAIN","2"
"admission_0c394f2ff91d2efadd5b8986e2c1f12e7e7095bfd434a7de12e041da9bc9486a","15eb5097edff7e0302f8c8965060f3102d1a1406eaa1e5cce357068fd61232cd","RECONCILE_LEGACY_LEDGER_PRICE_EVIDENCE","SOURCE_EXPLICIT_USD_MATCH","PRICE_RESEARCH_ADMISSION_NOT_ELIGIBLE","PRICE_RESEARCH_ADMISSION_NOT_ELIGIBLE","false","LEGACY_PRICE_RETAIN","2"
"admission_0cf75ce9e0fe557a4c07ace3ecd1671b11843c0e39ce5b24ade7951cf1e0002b","b5cd2f70082fc22123c81cf3916a64dd768c0ada5d636af4c62f69c91749d83a","RECONCILE_LEGACY_LEDGER_PRICE_EVIDENCE","SOURCE_EXPLICIT_USD_MATCH","PRICE_RESEARCH_ADMISSION_NOT_ELIGIBLE","PRICE_RESEARCH_ADMISSION_NOT_ELIGIBLE","false","LEGACY_PRICE_RETAIN","2"
"admission_0e5715d9495f3255822bbe730e2556cd733116447432096ca76027e1c362c315","d6d60685a59cd275564b18157b3c45ad5eb1044627dc03eb5303b6db7f90e8c0","RECONCILE_LEGACY_LEDGER_PRICE_EVIDENCE","SOURCE_EXPLICIT_USD_MATCH","PRICE_RESEARCH_ADMISSION_NOT_ELIGIBLE","PRICE_RESEARCH_ADMISSION_NOT_ELIGIBLE","false","LEGACY_PRICE_RETAIN","2"
"admission_0ec39b3a9eb1b4e706b1cb53e9427d3ea5d60d0c70d85a1f20081260a68ccf1e","2b08dd9e03e62e2522e08b01f73e9e165df8fd49f0eeb678292e211d67be5669","RECONCILE_LEGACY_LEDGER_PRICE_EVIDENCE","SOURCE_EXPLICIT_USD_MATCH","PRICE_RESEARCH_ADMISSION_NOT_ELIGIBLE","PRICE_RESEARCH_ADMISSION_NOT_ELIGIBLE","false","LEGACY_PRICE_RETAIN","2"
"admission_1212aaf1e00aa78ead41aa18aeb5e92f780ececc37528cb05b24a36af0893d59","821108c4f2442070158feee440652542829b2ad5c89e73d7984ecfc619b35094","RECONCILE_LEGACY_LEDGER_PRICE_EVIDENCE","SOURCE_EXPLICIT_USD_MATCH","PRICE_RESEARCH_ADMISSION_NOT_ELIGIBLE","PRICE_RESEARCH_ADMISSION_NOT_ELIGIBLE","false","LEGACY_PRICE_RETAIN","2"
"admission_12b205b520e33395fa34a6f243cf87aa95513feeffc9eed0d6882411fab7a9c6","e4c08420defd7accaf893a16042e4abd5ae57ea9608df4546112bda6234b9886","RECONCILE_LEGACY_LEDGER_PRICE_EVIDENCE","SOURCE_EXPLICIT_USD_MATCH","PRICE_NOT_SUPPLIED","PRICE_NOT_SUPPLIED","true","LEGACY_PRICE_NULL","1"
"admission_1405ecbcc4507ffa0e62b1def92d37df41a643f24f37325b193f92550fe8a5c0","49f6c78853780effaef0d1eb8821472f855d3661aa8a79e5c22494b128166f6b","RECONCILE_LEGACY_LEDGER_PRICE_EVIDENCE","SOURCE_EXPLICIT_USD_MATCH","PRICE_RESEARCH_ADMISSION_NOT_ELIGIBLE","PRICE_RESEARCH_ADMISSION_NOT_ELIGIBLE","false","LEGACY_PRICE_RETAIN","2"
"admission_1413e4c2fe9911c7d5410e4db293c22d6c23dbc9b01b233890131194b3fb049b","afc1cd38bf0403bb87f82dd64dc5c9685893a306593bcea04086e9ae44d5034f","RECONCILE_LEGACY_LEDGER_PRICE_EVIDENCE","SOURCE_EXPLICIT_USD_MATCH","PRICE_RESEARCH_ADMISSION_NOT_ELIGIBLE","PRICE_RESEARCH_ADMISSION_NOT_ELIGIBLE","false","LEGACY_PRICE_RETAIN","2"
"admission_148574b504f41436939eb586020292b917da679b77871e33fda9d25d38a47187","a6ae7a73fdc7d9b9fbdcace70f225ad21fc68818186f2e6cdb1a3265a355d5d2","RECONCILE_LEGACY_LEDGER_PRICE_EVIDENCE","SOURCE_EXPLICIT_USD_MATCH","PRICE_RESEARCH_ADMISSION_NOT_ELIGIBLE","PRICE_RESEARCH_ADMISSION_NOT_ELIGIBLE","false","LEGACY_PRICE_RETAIN","2"
"admission_1550e6cc037ae84e2dd11a90815e0ec52a9d611a29eb75d2c1d2ed9eac740da3","28542d266de1a6f44555114bc57788019983f264e33a78c9fd1ade0f918d1db5","RECONCILE_LEGACY_LEDGER_PRICE_EVIDENCE","SOURCE_EXPLICIT_USD_MATCH","PRICE_RESEARCH_ADMISSION_NOT_ELIGIBLE","PRICE_RESEARCH_ADMISSION_NOT_ELIGIBLE","false","LEGACY_PRICE_RETAIN","2"
"admission_166ba3ff1359663f74dfdd681134222c428efdbd5ddbedf71f5f2723122efb6b","e3a2cb432730a6b03e4f0bc4e5898113c945a5e53675af602d610021690b5fad","RECONCILE_LEGACY_LEDGER_PRICE_EVIDENCE","SOURCE_EXPLICIT_USD_MATCH","PRICE_NOT_SUPPLIED","PRICE_NOT_SUPPLIED","true","LEGACY_PRICE_NULL","1"
"admission_18fc1b3b440163d16a79ea758b2101b60f1c8bd51385e52ff10320cd2898b24c","0a79d60eda12ab739c664938197bffa16b242786859dbf2eccc27d607a6a56ad","RECONCILE_LEGACY_LEDGER_PRICE_EVIDENCE","SOURCE_EXPLICIT_USD_MATCH","PRICE_RESEARCH_ADMISSION_NOT_ELIGIBLE","PRICE_RESEARCH_ADMISSION_NOT_ELIGIBLE","false","LEGACY_PRICE_RETAIN","2"
"admission_1c4d78b8d97a072c1a89b094057c979b1e04a3b84102f643f08d9c80a015b151","0779767082620a1ea15380a17d5d9873ff44ea88b57bb594e0c5fe6f4b62d222","RECONCILE_LEGACY_LEDGER_PRICE_EVIDENCE","SOURCE_EXPLICIT_USD_MATCH","PRICE_RESEARCH_ADMISSION_NOT_ELIGIBLE","PRICE_RESEARCH_ADMISSION_NOT_ELIGIBLE","false","LEGACY_PRICE_RETAIN","2"
"admission_1de5e0353debfea12b0aa4cd9c44397b0575dea438f8cef1357cc316455a8443","01752680391093dd432e401a664a3b2214047b3c3a35f4f221686377e8bf87a2","RECONCILE_LEGACY_LEDGER_PRICE_EVIDENCE","SOURCE_EXPLICIT_USD_MATCH","PRICE_NOT_SUPPLIED","PRICE_NOT_SUPPLIED","true","LEGACY_PRICE_NULL","1"
"admission_1e3f35311f7c308c8dbc51e1f261ef1c813760d5b6a434252b8f284ea1354fd1","589ef2a4aeab4420a45549d2205f0f19bb3efe3daafd8ead5f74ca633fa45ac3","RECONCILE_LEGACY_LEDGER_PRICE_EVIDENCE","SOURCE_EXPLICIT_USD_MATCH","PRICE_NOT_SUPPLIED","PRICE_NOT_SUPPLIED","true","LEGACY_PRICE_NULL","1"
"admission_1e5dd4c6df0ab782cc5bc3b6b4add1fbd0ee5a905128f96e90edd16a9861e244","e5080cad7f15b4243135950c464377603cba2fc719c738cad6d6c920f7969e85","RECONCILE_LEGACY_LEDGER_PRICE_EVIDENCE","SOURCE_EXPLICIT_USD_MATCH","PRICE_RESEARCH_ADMISSION_NOT_ELIGIBLE","PRICE_RESEARCH_ADMISSION_NOT_ELIGIBLE","false","LEGACY_PRICE_RETAIN","2"
"admission_1e8be0997bb542a1979497a2e8f3f4fb2e902655f7559b2a2d0fc0b40e0e681b","d6cee2cd45a1d516ac7eadd565fd3fadb26a210e73493a285c3eba9751a2f517","RECONCILE_LEGACY_LEDGER_PRICE_EVIDENCE","SOURCE_EXPLICIT_USD_MATCH","PRICE_NOT_SUPPLIED","PRICE_NOT_SUPPLIED","true","LEGACY_PRICE_NULL","1"
"admission_1f7adac339055ab9fa793934e8e75dc885794940033018acbab12e5c1da21403","842ae5b220e650dec0ec50eeb769195aaed292879ba40e88b6832a1bcdd0c712","RECONCILE_LEGACY_LEDGER_PRICE_EVIDENCE","SOURCE_EXPLICIT_USD_MATCH","PRICE_NOT_SUPPLIED","PRICE_NOT_SUPPLIED","true","LEGACY_PRICE_NULL","1"
"admission_2018b06aa4d34f76140ad6362988de0c2e2a29721bb925e445941523e48ee7a2","109a7aaca34508327a26fe530cc22d650a15a6d273d2526b3b28ee55839702d9","RECONCILE_LEGACY_LEDGER_PRICE_EVIDENCE","SOURCE_EXPLICIT_USD_MATCH","PRICE_RESEARCH_ADMISSION_NOT_ELIGIBLE","PRICE_RESEARCH_ADMISSION_NOT_ELIGIBLE","false","LEGACY_PRICE_RETAIN","2"
"admission_21454a8a09e8944c5f284da965ee57b53051cbe02c031025749ba85b12642cbf","3d256b6f43ccc1eaf522b435a2c6925c64bd75e4e287d155fef5509732c0a246","RECONCILE_LEGACY_LEDGER_PRICE_EVIDENCE","SOURCE_EXPLICIT_USD_MATCH","PRICE_RESEARCH_ADMISSION_NOT_ELIGIBLE","PRICE_RESEARCH_ADMISSION_NOT_ELIGIBLE","false","LEGACY_PRICE_RETAIN","2"
"admission_21b4a9582b00ff7335d6920b9af09b1e584b309568ca891e966c792aa634576c","c2c7c328af62c6d86671f013f5387086829e2521ec7e7520926ed259b16eb26e","RECONCILE_LEGACY_LEDGER_PRICE_EVIDENCE","SOURCE_EXPLICIT_USD_MATCH","PRICE_RESEARCH_ADMISSION_NOT_ELIGIBLE","PRICE_RESEARCH_ADMISSION_NOT_ELIGIBLE","false","LEGACY_PRICE_RETAIN","2"
"admission_21f8411ae12ad3cd96f03fd778a13f5c4a8b7cab8c32301d0de809b20459acb4","223719424eea4876cd340e04ebd1659a772cd8e9895dfc0131601a307f9995ef","RECONCILE_LEGACY_LEDGER_PRICE_EVIDENCE","SOURCE_EXPLICIT_USD_MATCH","PRICE_RESEARCH_ADMISSION_NOT_ELIGIBLE","PRICE_RESEARCH_ADMISSION_NOT_ELIGIBLE","false","LEGACY_PRICE_RETAIN","2"
"admission_2206cb6f12a20e7efd2166ffb1142f92150af9e1c44b277da0efb7bbef869677","ccd72495c0e2fe2a6e27751daaea16b9dc66a8c12afbe76a73f2b2b904654abc","RECONCILE_LEGACY_LEDGER_PRICE_EVIDENCE","SOURCE_EXPLICIT_USD_MATCH","PRICE_RESEARCH_ADMISSION_NOT_ELIGIBLE","PRICE_RESEARCH_ADMISSION_NOT_ELIGIBLE","false","LEGACY_PRICE_RETAIN","2"
"admission_22c72a8e778c41364c26494e7c66d94b73fe574795daf1b724435e9aae61f49a","0889974240c0cdddcd6721d84a4ae5df80080fce255a1c2b4fbed23b00aa98c3","RECONCILE_LEGACY_LEDGER_PRICE_EVIDENCE","SOURCE_EXPLICIT_USD_MATCH","PRICE_RESEARCH_ADMISSION_NOT_ELIGIBLE","PRICE_RESEARCH_ADMISSION_NOT_ELIGIBLE","false","LEGACY_PRICE_RETAIN","2"
"admission_238124f73967616b74770f9d75a8ddddf9d29d852406aa8ebc980c631c1282ed","51e757571228717faa3a89ddc988a6f36a5e5f0da2ba73c14ea2330498141d1e","RECONCILE_LEGACY_LEDGER_PRICE_EVIDENCE","SOURCE_EXPLICIT_USD_MATCH","PRICE_RESEARCH_ADMISSION_NOT_ELIGIBLE","PRICE_RESEARCH_ADMISSION_NOT_ELIGIBLE","false","LEGACY_PRICE_RETAIN","2"
"admission_245381db05eda43c6fe33d80980118e82a2f7b6243a8c716629c57c0c67e1bbb","cb8a7cea3ea65cc9730d4d5063f7ffe6b237a542b6f8053ba8c2090cca5fa20b","RECONCILE_LEGACY_LEDGER_PRICE_EVIDENCE","SOURCE_EXPLICIT_USD_MATCH","PRICE_NOT_SUPPLIED","PRICE_NOT_SUPPLIED","true","LEGACY_PRICE_NULL","1"
"admission_27b782dfc9eab59495d6dca966e41928aa916810932012ee557f28582ffcb4df","288fbeda882278846a5073004503c2c86862c227ab67b7f023d021268c2006d8","RECONCILE_LEGACY_LEDGER_PRICE_EVIDENCE","SOURCE_EXPLICIT_USD_MATCH","PRICE_RESEARCH_ADMISSION_NOT_ELIGIBLE","PRICE_RESEARCH_ADMISSION_NOT_ELIGIBLE","false","LEGACY_PRICE_RETAIN","2"
"admission_27f91e1a5733d24c2fa575732c72ca8df39cd3e04319a94fb1f3093a32637343","e768f401de5d61308e96b13eefa16c2f308c902a5b0b3fb37e515e6b23b383b4","RECONCILE_LEGACY_LEDGER_PRICE_EVIDENCE","SOURCE_EXPLICIT_USD_MATCH","PRICE_RESEARCH_ADMISSION_NOT_ELIGIBLE","PRICE_RESEARCH_ADMISSION_NOT_ELIGIBLE","false","LEGACY_PRICE_RETAIN","2"
"admission_2831b2eb80c92ff51b51b11720ec9ccd6ad69104c1b9d634b0bd1d07390c21d5","144e130784014998c47ec4523450fc08c2c93dbf504819d1103fcd519714c318","RECONCILE_LEGACY_LEDGER_PRICE_EVIDENCE","SOURCE_EXPLICIT_USD_MATCH","PRICE_RESEARCH_ADMISSION_NOT_ELIGIBLE","PRICE_RESEARCH_ADMISSION_NOT_ELIGIBLE","false","LEGACY_PRICE_RETAIN","2"
"admission_284193df2a70666ea6f4109a8c5504b7350340bc2baa55859e45026a844dc27d","5ebed21b628f588173e3d2e8666911ed11a981a945e8830e3ebf7486bc163ff3","RECONCILE_LEGACY_LEDGER_PRICE_EVIDENCE","SOURCE_EXPLICIT_USD_MATCH","PRICE_RESEARCH_ADMISSION_NOT_ELIGIBLE","PRICE_RESEARCH_ADMISSION_NOT_ELIGIBLE","false","LEGACY_PRICE_RETAIN","2"
"admission_28ba70fa02836b9e9cb03c9446c2c9f1f53118440c6a876d3f997e6aca285add","77a87915781d9f83c8ecca2a5dea1a1a82b69370af724a639ae3215aff43eca9","RECONCILE_LEGACY_LEDGER_PRICE_EVIDENCE","SOURCE_EXPLICIT_USD_MATCH","PRICE_RESEARCH_ADMISSION_NOT_ELIGIBLE","PRICE_RESEARCH_ADMISSION_NOT_ELIGIBLE","false","LEGACY_PRICE_RETAIN","2"
"admission_2969986d7340724629eb1185381f0acd895688c4bea98d8e4370517078baf873","20fa02b3bdad0e203c907685db27e013bfe423a37a9978e871d9e7f9f78550b1","RECONCILE_LEGACY_LEDGER_PRICE_EVIDENCE","SOURCE_EXPLICIT_USD_MATCH","PRICE_NOT_SUPPLIED","PRICE_NOT_SUPPLIED","true","LEGACY_PRICE_NULL","1"
"admission_29b2ab5419796ad69ef8de687cc345ae0eb3146ecef793b4c1dc55e0b0887408","3203116775fd79bbb7f7f4eb543df770a7d533e58638fc3a8b461936fe96eb0d","RECONCILE_LEGACY_LEDGER_PRICE_EVIDENCE","SOURCE_EXPLICIT_USD_MATCH","PRICE_RESEARCH_ADMISSION_NOT_ELIGIBLE","PRICE_RESEARCH_ADMISSION_NOT_ELIGIBLE","false","LEGACY_PRICE_RETAIN","2"
"admission_29bf1c161dd419711c03a466f891915ebf231650ed4b47b9f97f42f8d3a79831","2e7e9f2767e3f3f8a5ace0a14e686b8a4e33340c049a445d6bd96d195b24af47","RECONCILE_LEGACY_LEDGER_PRICE_EVIDENCE","SOURCE_EXPLICIT_USD_MATCH","PRICE_RESEARCH_ADMISSION_NOT_ELIGIBLE","PRICE_RESEARCH_ADMISSION_NOT_ELIGIBLE","false","LEGACY_PRICE_RETAIN","2"
"admission_2ab84a038c9a9d5406c284f9638448d69870a8396eef5ea71a7cce2ab8549e3b","be3bde68e6cc9130eaad4b7b66ed1dcd17916de6cccc0765f9f5741e0f9fd8e8","RECONCILE_LEGACY_LEDGER_PRICE_EVIDENCE","SOURCE_EXPLICIT_USD_MATCH","PRICE_RESEARCH_ADMISSION_NOT_ELIGIBLE","PRICE_RESEARCH_ADMISSION_NOT_ELIGIBLE","false","LEGACY_PRICE_RETAIN","2"
"admission_2ba54883b6b501f794f3fb1eb2eaebc567de9794efdb889a897b6c795603d65a","23ca3f5eb3853ef8723e944967462c5ebdb536cf533e4cf0389a316075bdf23f","RECONCILE_LEGACY_LEDGER_PRICE_EVIDENCE","SOURCE_EXPLICIT_USD_MATCH","PRICE_RESEARCH_ADMISSION_NOT_ELIGIBLE","PRICE_RESEARCH_ADMISSION_NOT_ELIGIBLE","false","LEGACY_PRICE_RETAIN","2"
"admission_2cb803371194733674db7fd596c2547012cacc076b65669da8d463ec7b38f4a0","133318d91b6e3d09e1dceaed9a9376b7ca8e160030a72941fb827ecef861a644","RECONCILE_LEGACY_LEDGER_PRICE_EVIDENCE","SOURCE_EXPLICIT_USD_MATCH","PRICE_NOT_SUPPLIED","PRICE_NOT_SUPPLIED","true","LEGACY_PRICE_NULL","1"
"admission_2d5a0d2b1e515a9297c223f4352492116836382ed3af6ddff37ff3a4e85dd9ea","1c70501cac6c88c384a1fc6cbfdaef0afd7180a37f9dce034fbd5a1e8443b1c9","RECONCILE_LEGACY_LEDGER_PRICE_EVIDENCE","SOURCE_EXPLICIT_USD_MATCH","PRICE_RESEARCH_ADMISSION_NOT_ELIGIBLE","PRICE_RESEARCH_ADMISSION_NOT_ELIGIBLE","false","LEGACY_PRICE_RETAIN","2"
"admission_2d98d26f8b7e5c8eb04c25e4f0b4420ada5a7e51755cff147814c05e49cc6f10","90faf08ad7df264d813381cc571ec0903a2623b5555b325801cd910420f5b9a2","RECONCILE_LEGACY_LEDGER_PRICE_EVIDENCE","SOURCE_EXPLICIT_USD_MATCH","PRICE_RESEARCH_ADMISSION_NOT_ELIGIBLE","PRICE_RESEARCH_ADMISSION_NOT_ELIGIBLE","false","LEGACY_PRICE_RETAIN","2"
"admission_2df55d69e0677dff2fdab18eb3a8e96b3b6e3e3e0f45e9e17ac782ee951f9fbd","cd82699258f2d0e3129fa326d621dd15b25cbaa5780c56afecd6f3fb3d7e090d","RECONCILE_LEGACY_LEDGER_PRICE_EVIDENCE","SOURCE_EXPLICIT_USD_MATCH","PRICE_RESEARCH_ADMISSION_NOT_ELIGIBLE","PRICE_RESEARCH_ADMISSION_NOT_ELIGIBLE","false","LEGACY_PRICE_RETAIN","2"
"admission_2e36b96c096a4136fa7f6fef16f9af0e057dbc540f3b3fedc8da479826e4d86b","89ddcf0eaeb46eaf89619e139f6989648f643fa128af1d52bd96a89ffc2f0dc5","RECONCILE_LEGACY_LEDGER_PRICE_EVIDENCE","SOURCE_EXPLICIT_USD_MATCH","PRICE_RESEARCH_ADMISSION_NOT_ELIGIBLE","PRICE_RESEARCH_ADMISSION_NOT_ELIGIBLE","false","LEGACY_PRICE_RETAIN","2"
"admission_2e7e0a483e25364668c886b5a2dd32cba1f663054162df3ccdca756366e7ba96","74703fdd131cf1860367798e6551cf36abeacd632809305ba9940da3214b16de","RECONCILE_LEGACY_LEDGER_PRICE_EVIDENCE","SOURCE_EXPLICIT_USD_MATCH","PRICE_RESEARCH_ADMISSION_NOT_ELIGIBLE","PRICE_RESEARCH_ADMISSION_NOT_ELIGIBLE","false","LEGACY_PRICE_RETAIN","2"
"admission_300eae46f3cf2d767c2a623606239e70f0fb72eeaed61c40eb3f57bdd66148a3","31485f2cd4553e20b07491e90aec22b22d90b5717d1fefd63daa8850c2bb746a","RECONCILE_LEGACY_LEDGER_PRICE_EVIDENCE","SOURCE_EXPLICIT_USD_MATCH","PRICE_NOT_SUPPLIED","PRICE_NOT_SUPPLIED","true","LEGACY_PRICE_NULL","1"
"admission_313d0310741a105fdcec2bf12a432faf4870a7b832051f7004cde4b0671d098f","492b87b19146c093fbc4256f74e31cba70c56d1deb4e3b6d352105c241f35319","RECONCILE_LEGACY_LEDGER_PRICE_EVIDENCE","SOURCE_EXPLICIT_USD_MATCH","PRICE_RESEARCH_ADMISSION_NOT_ELIGIBLE","PRICE_RESEARCH_ADMISSION_NOT_ELIGIBLE","false","LEGACY_PRICE_RETAIN","2"
"admission_320690b7dc027b187770ddab7a380135ac050b5fe1b2bed8a479d0e9e14c2636","f23fc99058158495ca630d693a5e4a1c07ccef39d4bdd302c17b8441247d0d1c","RECONCILE_LEGACY_LEDGER_PRICE_EVIDENCE","SOURCE_EXPLICIT_USD_MATCH","PRICE_NOT_SUPPLIED","PRICE_NOT_SUPPLIED","true","LEGACY_PRICE_NULL","1"
"admission_330ba4f0b7c10a87e5cceb1e020f3e199e5908dcd94ecc094ada87365d9f7d20","e51f85779e50652841672c344c29b68a354969d1e9a92099614720caeee060fc","RECONCILE_LEGACY_LEDGER_PRICE_EVIDENCE","SOURCE_EXPLICIT_USD_MATCH","PRICE_NOT_SUPPLIED","PRICE_NOT_SUPPLIED","true","LEGACY_PRICE_NULL","1"
"admission_3367ed903d1cec5c503f664f39e5dc37900ad12671938a8900d785b6a3d8a88b","f272ddd1ce9e797ff2896c10215f493c869fda81a50e8a3d58bf3b3ca691aeaf","RECONCILE_LEGACY_LEDGER_PRICE_EVIDENCE","SOURCE_EXPLICIT_USD_MATCH","PRICE_RESEARCH_ADMISSION_NOT_ELIGIBLE","PRICE_RESEARCH_ADMISSION_NOT_ELIGIBLE","false","LEGACY_PRICE_RETAIN","2"
"admission_352be9d98c955d108fb78f2fb8eda6cd07a1c35bbd60c290322c96cc2fff93e1","5e0cbd4cc7363b8df42f445c88b9b8fef1a080d6d2187a892315dd1da9703957","RECONCILE_LEGACY_LEDGER_PRICE_EVIDENCE","SOURCE_EXPLICIT_USD_MATCH","PRICE_RESEARCH_ADMISSION_NOT_ELIGIBLE","PRICE_RESEARCH_ADMISSION_NOT_ELIGIBLE","false","LEGACY_PRICE_RETAIN","2"
"admission_35c13378cccf87b06fb03262a736bca5ad1bef949df4f4ce59321aba571a54a0","bc7e5bd54457798e650fcf3159171f59b21d5494b9081665909f992d6fbdaaf1","RECONCILE_LEGACY_LEDGER_PRICE_EVIDENCE","SOURCE_EXPLICIT_USD_MATCH","PRICE_NOT_SUPPLIED","PRICE_NOT_SUPPLIED","true","LEGACY_PRICE_NULL","1"
"admission_38e90dc2b0ef1ab6a56ca9993e9eb6edd7ea742da7e42a088be7c3a1a29fe5ec","59783ffefacf4738730ad9b1eefc5f69440a31a572cd173dffaf2f6bfbed250d","RECONCILE_LEGACY_LEDGER_PRICE_EVIDENCE","SOURCE_EXPLICIT_USD_MATCH","PRICE_RESEARCH_ADMISSION_NOT_ELIGIBLE","PRICE_RESEARCH_ADMISSION_NOT_ELIGIBLE","false","LEGACY_PRICE_RETAIN","2"
"admission_38f90b60a3ea6e418d2dfa25d4a0ac78efccf458498792071a68482fa3684dba","0248d28ccb20ed5582ee06c47b9a9c97d660007a74e70c7412ec502adf46f30a","RECONCILE_LEGACY_LEDGER_PRICE_EVIDENCE","SOURCE_EXPLICIT_USD_MATCH","PRICE_RESEARCH_ADMISSION_NOT_ELIGIBLE","PRICE_RESEARCH_ADMISSION_NOT_ELIGIBLE","false","LEGACY_PRICE_RETAIN","2"
"admission_39109a15226dad46cd082a585720eee1f34400b0e8c57344cb49cc14c67c0f6b","5858b99cf16774886d66856e79cc1adc891e5bf85f9e631ea2fff8117b18a294","RECONCILE_LEGACY_LEDGER_PRICE_EVIDENCE","SOURCE_EXPLICIT_USD_MATCH","PRICE_NOT_SUPPLIED","PRICE_NOT_SUPPLIED","true","LEGACY_PRICE_NULL","1"
"admission_39de39aa53197a7d0bf75f9943fc6f7e73e929d5f2b4d4766833ceb541b461d9","7c6f55e506b605072e03e26742b676752420d2ae97ecd3a44ba2f19b1e7b75dc","RECONCILE_LEGACY_LEDGER_PRICE_EVIDENCE","SOURCE_EXPLICIT_USD_MATCH","PRICE_RESEARCH_ADMISSION_NOT_ELIGIBLE","PRICE_RESEARCH_ADMISSION_NOT_ELIGIBLE","false","LEGACY_PRICE_RETAIN","2"
"admission_3ba21104ba444d80e0e97d34fa287e122809853ac96b3899d464f6146fe24b14","b2e2929c0ed0e4c4273b09c8def418ffb8489dfd9206fedbe0f65284cd7fb1e7","RECONCILE_LEGACY_LEDGER_PRICE_EVIDENCE","SOURCE_EXPLICIT_USD_MATCH","PRICE_RESEARCH_ADMISSION_NOT_ELIGIBLE","PRICE_RESEARCH_ADMISSION_NOT_ELIGIBLE","false","LEGACY_PRICE_RETAIN","2"
"admission_3bfe4f1f1951f7261ac02bd8d9067a532ccf59dfd17516b78ed1090b30ad90ef","99db00d8de45f9464f19d1c0b3891be872b49be542253a1ac9cf35beb74f0dd9","RECONCILE_LEGACY_LEDGER_PRICE_EVIDENCE","SOURCE_EXPLICIT_USD_MATCH","PRICE_RESEARCH_ADMISSION_NOT_ELIGIBLE","PRICE_RESEARCH_ADMISSION_NOT_ELIGIBLE","false","LEGACY_PRICE_RETAIN","2"
"admission_3c1212ffc3fd37d902fc56ddb38bf370d79a4ccc9c2d862b985e5574d1d7902e","6d1d082aa7e615cc64671523f53989fe5c18f12956085905f71d5098922ab17b","RECONCILE_LEGACY_LEDGER_PRICE_EVIDENCE","SOURCE_EXPLICIT_USD_MATCH","PRICE_NOT_SUPPLIED","PRICE_NOT_SUPPLIED","true","LEGACY_PRICE_NULL","1"
"admission_3d5de0cefe6b6dcc3b4ceb343bf03958726b82a46bbd5b931cc543eb1e91c0d7","25c2850989a996d4b02ab6d875a058e9f85aaa3fd0ccdd44e6bb09d759f02d68","RECONCILE_LEGACY_LEDGER_PRICE_EVIDENCE","SOURCE_EXPLICIT_USD_MATCH","PRICE_RESEARCH_ADMISSION_NOT_ELIGIBLE","PRICE_RESEARCH_ADMISSION_NOT_ELIGIBLE","false","LEGACY_PRICE_RETAIN","2"
"admission_3da5765b823261a050d2d22b042a882aebf82418c2bf9770cd931bc069643abe","fd32f6e8c67fe9eec3a97e93ed8d06a3a3c3eedf8811ca34a7cfef8231811e96","RECONCILE_LEGACY_LEDGER_PRICE_EVIDENCE","SOURCE_EXPLICIT_USD_MATCH","PRICE_RESEARCH_ADMISSION_NOT_ELIGIBLE","PRICE_RESEARCH_ADMISSION_NOT_ELIGIBLE","false","LEGACY_PRICE_RETAIN","2"
"admission_3efd174778dc888a6705957b7be1451c304b5748333451efdd242d26a54e5212","bd020e9014ffcb5388ef685e321a99d6764d2e525c79a337031dc977b730bc07","RECONCILE_LEGACY_LEDGER_PRICE_EVIDENCE","SOURCE_EXPLICIT_USD_MATCH","PRICE_RESEARCH_ADMISSION_NOT_ELIGIBLE","PRICE_RESEARCH_ADMISSION_NOT_ELIGIBLE","false","LEGACY_PRICE_RETAIN","2"
"admission_3fb65a5910a9cbfbe42659af3da2a191faa58e2f8c354a316d6af4b5df7c99ed","6889748e57eca070aaa37b8b6b18637330a76dbca9740e117b821eadb96ca153","RECONCILE_LEGACY_LEDGER_PRICE_EVIDENCE","SOURCE_EXPLICIT_USD_MATCH","PRICE_NOT_SUPPLIED","PRICE_NOT_SUPPLIED","true","LEGACY_PRICE_NULL","1"
"admission_40928b37699a0702e9be3cc17751b7edd1c19bb2137c7914e4912a9be59ee405","20d38b23ec0ced741bc96cad86bece62377178b74f99799fe9197b50ea934d65","RECONCILE_LEGACY_LEDGER_PRICE_EVIDENCE","SOURCE_EXPLICIT_USD_MATCH","PRICE_RESEARCH_ADMISSION_NOT_ELIGIBLE","PRICE_RESEARCH_ADMISSION_NOT_ELIGIBLE","false","LEGACY_PRICE_RETAIN","2"
"admission_41960f6d0d916a9e5f398a1068713c662beb01d7e31baafec06b5e66a17a2567","bfba83e05fa61152132092c3c93bbd9528274b01d50cffdefe71a2fa818a5799","RECONCILE_LEGACY_LEDGER_PRICE_EVIDENCE","SOURCE_EXPLICIT_USD_MATCH","PRICE_RESEARCH_ADMISSION_NOT_ELIGIBLE","PRICE_RESEARCH_ADMISSION_NOT_ELIGIBLE","false","LEGACY_PRICE_RETAIN","2"
"admission_41ab97fb4628d8128a6401347eb54e46bb37df33253d3c6c986ae748d9c7f0a3","dce99a06a040bffe12f5af35bfa8fb1aa8bfd559f34b02627af853111165a885","RECONCILE_LEGACY_LEDGER_PRICE_EVIDENCE","SOURCE_EXPLICIT_USD_MATCH","PRICE_RESEARCH_ADMISSION_NOT_ELIGIBLE","PRICE_RESEARCH_ADMISSION_NOT_ELIGIBLE","false","LEGACY_PRICE_RETAIN","2"
"admission_45cce39a693214b417419424a897cb8bdb17684544db3e99463b43c8888bef1b","b593e886bee0f8005b4004e12c2d0d837ec6bee1e1680f83e8d92f642b62e432","RECONCILE_LEGACY_LEDGER_PRICE_EVIDENCE","SOURCE_EXPLICIT_USD_MATCH","PRICE_RESEARCH_ADMISSION_NOT_ELIGIBLE","PRICE_RESEARCH_ADMISSION_NOT_ELIGIBLE","false","LEGACY_PRICE_RETAIN","2"
"admission_4667bc92b6d9e66393d2458f9b839c4f318fad5aa372942e26f90c410c12fa4d","635e62d57dd73ca824250b9af8f86ca88ba1e2f472fb2f1907b09caed76775ad","RECONCILE_LEGACY_LEDGER_PRICE_EVIDENCE","SOURCE_EXPLICIT_USD_MATCH","PRICE_RESEARCH_ADMISSION_NOT_ELIGIBLE","PRICE_RESEARCH_ADMISSION_NOT_ELIGIBLE","false","LEGACY_PRICE_RETAIN","2"
"admission_46b29fc8f94f1910ca5493ba47b0855f361d3bdda2ebb27e9d2cb288610f2d0f","1152926aa7816e9a31d99048a1ddd841cca56a3cdb412d5d5aaf4075f02556ea","RECONCILE_LEGACY_LEDGER_PRICE_EVIDENCE","SOURCE_EXPLICIT_USD_MATCH","PRICE_RESEARCH_ADMISSION_NOT_ELIGIBLE","PRICE_RESEARCH_ADMISSION_NOT_ELIGIBLE","false","LEGACY_PRICE_RETAIN","2"
"admission_46bf48280280636486af97757d21c7a6707ada90b990173bd3f9939bb5ec23be","41dc4ab43bad768b40cfeacd08dcef216de7196ba9746f6789cb0bfe2c825497","RECONCILE_LEGACY_LEDGER_PRICE_EVIDENCE","SOURCE_EXPLICIT_USD_MATCH","PRICE_RESEARCH_ADMISSION_NOT_ELIGIBLE","PRICE_RESEARCH_ADMISSION_NOT_ELIGIBLE","false","LEGACY_PRICE_RETAIN","2"
"admission_4723bbdbd5b03134f6cd2f42489cc5917e5c844e51755a79a70a6021e30225dc","53f6066bdf2d693614bdab878f074c90e5b5d46beb4d544202890519e0dbfe0b","RECONCILE_LEGACY_LEDGER_PRICE_EVIDENCE","SOURCE_EXPLICIT_USD_MATCH","PRICE_RESEARCH_ADMISSION_NOT_ELIGIBLE","PRICE_RESEARCH_ADMISSION_NOT_ELIGIBLE","false","LEGACY_PRICE_RETAIN","2"
"admission_47680fbf98d096920cfd209464c2f272f89559bf6ed87d057632f675c441f47f","d0bdcbbda515ace1aa20753c8061ee2898e7f48d08397db2ef4b1d6d2b6f42ec","RECONCILE_LEGACY_LEDGER_PRICE_EVIDENCE","SOURCE_EXPLICIT_USD_MATCH","PRICE_RESEARCH_ADMISSION_NOT_ELIGIBLE","PRICE_RESEARCH_ADMISSION_NOT_ELIGIBLE","false","LEGACY_PRICE_RETAIN","2"
"admission_481555a51f005cd4581245c2368e82ea04f4bdaa90fe4bcb7a0420f7a89aeb9f","1eaa842ab9119a0bcad21f7f670b51f920930f1a9a36a0c24fc625d0c848925c","RECONCILE_LEGACY_LEDGER_PRICE_EVIDENCE","SOURCE_EXPLICIT_USD_MATCH","PRICE_RESEARCH_ADMISSION_NOT_ELIGIBLE","PRICE_RESEARCH_ADMISSION_NOT_ELIGIBLE","false","LEGACY_PRICE_RETAIN","2"
"admission_4821907f06aa7f5c1d211d57c35f552b3138d4737ad5bb2662d271a75be78396","4e1ff34daef5a23623c1d282846e7ec1ebe0f0bcd018f01c21c5a2896bad8773","RECONCILE_LEGACY_LEDGER_PRICE_EVIDENCE","SOURCE_EXPLICIT_USD_MATCH","PRICE_NOT_SUPPLIED","PRICE_NOT_SUPPLIED","true","LEGACY_PRICE_NULL","1"
"admission_49cbcc7f16805640f0df2c15372184f3af682a6dee3ac39e7e39005ace62def7","cf5c7ab6498cae56590dcb7aa265b02366897e3ec7f11798217a97022bfbcdd2","RECONCILE_LEGACY_LEDGER_PRICE_EVIDENCE","SOURCE_EXPLICIT_USD_MATCH","PRICE_NOT_SUPPLIED","PRICE_NOT_SUPPLIED","true","LEGACY_PRICE_NULL","1"
"admission_4a18cafe93b1c8cf87d956dc0feeeca32ff800a540951f9174a034cb640f08ab","5ff861754d33bce7b869a8050b8954641d13893018f8bfb7ed1e81b3e2280047","RECONCILE_LEGACY_LEDGER_PRICE_EVIDENCE","SOURCE_EXPLICIT_USD_MATCH","PRICE_RESEARCH_ADMISSION_NOT_ELIGIBLE","PRICE_RESEARCH_ADMISSION_NOT_ELIGIBLE","false","LEGACY_PRICE_RETAIN","2"
"admission_4a1ff0e8e465ef25b7c4136c61d498dfa49867f48b24fc9343e918bc5a5c3f5c","9e2bbcd7ccc4c963d71075b871a32b15bc2a413a0803e71cef67be9a9b1e15b4","RECONCILE_LEGACY_LEDGER_PRICE_EVIDENCE","SOURCE_EXPLICIT_USD_MATCH","PRICE_NOT_SUPPLIED","PRICE_NOT_SUPPLIED","true","LEGACY_PRICE_NULL","1"
"admission_4a64e97083d278ac30d53f5c85ba88df2643295dd683787aded344855c2112c6","4741498f23b4bf16a7a0821e526a5f2687c5ab9c55b317ece1ee0989fcd3fba6","RECONCILE_LEGACY_LEDGER_PRICE_EVIDENCE","SOURCE_EXPLICIT_USD_MATCH","PRICE_RESEARCH_ADMISSION_NOT_ELIGIBLE","PRICE_RESEARCH_ADMISSION_NOT_ELIGIBLE","false","LEGACY_PRICE_RETAIN","2"
"admission_4dbcbec7515be1bb872a5b37f3e6e04f83b66c650b9d68e67cbc31360136f6d9","2a9e22f68c89302692b1a709aab98cfea9c0370e30b44e0010a5af8ccf4d8da8","RECONCILE_LEGACY_LEDGER_PRICE_EVIDENCE","SOURCE_EXPLICIT_USD_MATCH","PRICE_RESEARCH_ADMISSION_NOT_ELIGIBLE","PRICE_RESEARCH_ADMISSION_NOT_ELIGIBLE","false","LEGACY_PRICE_RETAIN","2"
"admission_4ea35987c48ebf864a3dfbdd560bdda593faf50cfc861e163dc1c66f60bb0b47","a205d19a8e0115d5c6a50eede577fade8acaafee769d2dfbacfd2f399d9b8b08","RECONCILE_LEGACY_LEDGER_PRICE_EVIDENCE","SOURCE_EXPLICIT_USD_MATCH","PRICE_NOT_SUPPLIED","PRICE_NOT_SUPPLIED","true","LEGACY_PRICE_NULL","1"
"admission_4f02a02859b83c9b165afb70a31ff1778df06db8f74ba76be4c7ac91eca28c15","7661ede2136e82af11b014227d23b0754c6cbd3ba847b199c089d07fb9f651c2","RECONCILE_LEGACY_LEDGER_PRICE_EVIDENCE","SOURCE_EXPLICIT_USD_MATCH","PRICE_RESEARCH_ADMISSION_NOT_ELIGIBLE","PRICE_RESEARCH_ADMISSION_NOT_ELIGIBLE","false","LEGACY_PRICE_RETAIN","2"
"admission_4f0b0351d4ca7e763eae1920a944b5bad9d0322344f322001bbcd6e314229726","8d853cbc6d16c336e4efb47d7efc869ee7925c133fe297a26d70e47b84d4d25e","RECONCILE_LEGACY_LEDGER_PRICE_EVIDENCE","SOURCE_EXPLICIT_USD_MATCH","PRICE_NOT_SUPPLIED","PRICE_NOT_SUPPLIED","true","LEGACY_PRICE_NULL","1"
"admission_4f91544b83af830df73309a0e05ba642f1f5ed7490ac3a562a55e0c327c5fd93","597cb34f5ade9649594f73c122a53b2731f13a35b7685c3ace27ea08b3b46825","RECONCILE_LEGACY_LEDGER_PRICE_EVIDENCE","SOURCE_EXPLICIT_USD_MATCH","PRICE_RESEARCH_ADMISSION_NOT_ELIGIBLE","PRICE_RESEARCH_ADMISSION_NOT_ELIGIBLE","false","LEGACY_PRICE_RETAIN","2"
"admission_4fa4868c5eb44fa7f0a792193afb4875ba6fe386fe23df9936c55bc0987a9408","d8e46f8a8a70ef81e3a0c55f91867843f5812ef73de850145faeb3af8e687526","RECONCILE_LEGACY_LEDGER_PRICE_EVIDENCE","SOURCE_EXPLICIT_USD_MATCH","PRICE_RESEARCH_ADMISSION_NOT_ELIGIBLE","PRICE_RESEARCH_ADMISSION_NOT_ELIGIBLE","false","LEGACY_PRICE_RETAIN","2"
"admission_509fb77c91150f70c7abba47076403c83653c7fbe3696697c64674fccc791af3","92055f288dad6d0a7fa8f69ccd5c41c120d17a045b1c5742cb1d4f2b9b3d8d46","RECONCILE_LEGACY_LEDGER_PRICE_EVIDENCE","SOURCE_EXPLICIT_USD_MATCH","PRICE_RESEARCH_ADMISSION_NOT_ELIGIBLE","PRICE_RESEARCH_ADMISSION_NOT_ELIGIBLE","false","LEGACY_PRICE_RETAIN","2"
"admission_50c3baa34546d9929ff6afeedb8ffd871371fd3c57116d076df310bef69287a9","2a258ddf9db67baa6322be383488632dbf0d550ece432ee23771f621d4413bfd","RECONCILE_LEGACY_LEDGER_PRICE_EVIDENCE","SOURCE_EXPLICIT_USD_MATCH","PRICE_RESEARCH_ADMISSION_NOT_ELIGIBLE","PRICE_RESEARCH_ADMISSION_NOT_ELIGIBLE","false","LEGACY_PRICE_RETAIN","2"
"admission_532745049bcba765cb40b5c8df2594690206f56775485f5263e87c8725146d15","8c6b9051fa09c3d2414e0f15d535d71ec080415fd0110c87a73560da68621eff","RECONCILE_LEGACY_LEDGER_PRICE_EVIDENCE","SOURCE_EXPLICIT_USD_MATCH","PRICE_RESEARCH_ADMISSION_NOT_ELIGIBLE","PRICE_RESEARCH_ADMISSION_NOT_ELIGIBLE","false","LEGACY_PRICE_RETAIN","2"
"admission_535461c8d44c391467cfc0beb463b891bc2323c61dbc8f61c5acef8ed5f3cb77","afb6cfd341c737a775d392479435c65d76e69a3e3def3661eeb0fb0ea4fa7b5c","RECONCILE_LEGACY_LEDGER_PRICE_EVIDENCE","SOURCE_EXPLICIT_USD_MATCH","PRICE_NOT_SUPPLIED","PRICE_NOT_SUPPLIED","true","LEGACY_PRICE_NULL","1"
"admission_554acc7159623f2e3e61e90324e40e3b1bbd434854acbd3d8c416798507cc369","00f09579536e753a4aaee13ca3338791866a1b41e7a8d9d94a0b76a0a2b021c0","RECONCILE_LEGACY_LEDGER_PRICE_EVIDENCE","SOURCE_EXPLICIT_USD_MATCH","PRICE_RESEARCH_ADMISSION_NOT_ELIGIBLE","PRICE_RESEARCH_ADMISSION_NOT_ELIGIBLE","false","LEGACY_PRICE_RETAIN","2"
"admission_566b9093508915b63200c56a8156b03d1f815ea80de4857a0e42056acb03a827","dd0d8ea0267a1fb04437abdaba11551f86dcfd0a814f6dddd4a2124451e9761f","RECONCILE_LEGACY_LEDGER_PRICE_EVIDENCE","SOURCE_EXPLICIT_USD_MATCH","PRICE_RESEARCH_ADMISSION_NOT_ELIGIBLE","PRICE_RESEARCH_ADMISSION_NOT_ELIGIBLE","false","LEGACY_PRICE_RETAIN","2"
"admission_586ffb2c5ee88ca13c7373e46f9834c2cf8b983991b11711c74bb61d47522ae4","be279499de69df86ff95e000e562bf3f340258b5f90647a4e845a4c45322e5c7","RECONCILE_LEGACY_LEDGER_PRICE_EVIDENCE","SOURCE_EXPLICIT_USD_MATCH","PRICE_RESEARCH_ADMISSION_NOT_ELIGIBLE","PRICE_RESEARCH_ADMISSION_NOT_ELIGIBLE","false","LEGACY_PRICE_RETAIN","2"
"admission_58e40843d45562021084961325baa6bd56048cacf15ceedd7d118ce07bd385a4","bccdec3f519fc53d13359aa8cfbd3b1a9c86bd76c36f976543e6768d6629a7a7","RECONCILE_LEGACY_LEDGER_PRICE_EVIDENCE","SOURCE_EXPLICIT_USD_MATCH","PRICE_NOT_SUPPLIED","PRICE_NOT_SUPPLIED","true","LEGACY_PRICE_NULL","1"
"admission_5916ec8c4c978fbfefadb52ca5bfc5b520b200b42b60780a6c6c11e517c0b7df","75a946c165d34952f6230b7287735b624dba3d4e24b1e45344180d4ea7052b24","RECONCILE_LEGACY_LEDGER_PRICE_EVIDENCE","SOURCE_EXPLICIT_USD_MATCH","PRICE_NOT_SUPPLIED","PRICE_NOT_SUPPLIED","true","LEGACY_PRICE_NULL","1"
"admission_5956f330a174c23826c2a9f9e2f04d15c0b4c5343e76ae656cc03ebb83957b8c","766d3bc7ea6808ad369c0546656f3255cd8568272052413ccaef52089c674267","RECONCILE_LEGACY_LEDGER_PRICE_EVIDENCE","SOURCE_EXPLICIT_USD_MATCH","PRICE_NOT_SUPPLIED","PRICE_NOT_SUPPLIED","true","LEGACY_PRICE_NULL","1"
"admission_5a1d3335f94be03a9525a947c670712a2c93e38f77fb5acf81da16ea3690759c","f29d26171d489618bdca401db06e2e2dd487d4a26828a7fd10d0722fc1a13fbf","RECONCILE_LEGACY_LEDGER_PRICE_EVIDENCE","SOURCE_EXPLICIT_USD_MATCH","PRICE_RESEARCH_ADMISSION_NOT_ELIGIBLE","PRICE_RESEARCH_ADMISSION_NOT_ELIGIBLE","false","LEGACY_PRICE_RETAIN","2"
"admission_5b7ce7a86ae3f931db7988d81715b98125d48024b4a2febb78b5a9e80416564d","368e6e2cf067b1ccf8a6215d463319b7c8ebf5716d6bada044a58997a0deaf63","RECONCILE_LEGACY_LEDGER_PRICE_EVIDENCE","SOURCE_EXPLICIT_USD_MATCH","PRICE_NOT_SUPPLIED","PRICE_NOT_SUPPLIED","true","LEGACY_PRICE_NULL","1"
"admission_5b813e9ef6a8130f6ac6623c59dc13f7038d5a8d3692ecb4c3b5c1b36b62fe3e","4976721c005048b74ef189c8074d9d2082e0d344a13298eb0602ded6959431c9","RECONCILE_LEGACY_LEDGER_PRICE_EVIDENCE","SOURCE_EXPLICIT_USD_MATCH","PRICE_NOT_SUPPLIED","PRICE_NOT_SUPPLIED","true","LEGACY_PRICE_NULL","1"
"admission_5b91e71cb2ff066a0318fd16ea237e9893ee733864843a7ff96a0711aaf9af33","f30a38bace675bf7d16c37f48db54943452faf6a4b4a9d33d10190f651c12827","RECONCILE_LEGACY_LEDGER_PRICE_EVIDENCE","SOURCE_EXPLICIT_USD_MATCH","PRICE_RESEARCH_ADMISSION_NOT_ELIGIBLE","PRICE_RESEARCH_ADMISSION_NOT_ELIGIBLE","false","LEGACY_PRICE_RETAIN","2"
"admission_5d0add881dae487d3304ce0b13f4f7e07ee4d400442b454ca59d203d62f87b72","42ac9a7aa03eba8d69a47140cdb5a177f56db5e1aa8ddcec962564a9289a9816","RECONCILE_LEGACY_LEDGER_PRICE_EVIDENCE","SOURCE_EXPLICIT_USD_MATCH","PRICE_RESEARCH_ADMISSION_NOT_ELIGIBLE","PRICE_RESEARCH_ADMISSION_NOT_ELIGIBLE","false","LEGACY_PRICE_RETAIN","2"
"admission_5d29fdfed96768c32965221d269583c64a8ad4c1caa7ef3896441880bea7d03f","a6c383ab2583e5381241daba22f32cfa3635c05de761bc494991fdba96256a60","RECONCILE_LEGACY_LEDGER_PRICE_EVIDENCE","SOURCE_EXPLICIT_USD_MATCH","PRICE_RESEARCH_ADMISSION_NOT_ELIGIBLE","PRICE_RESEARCH_ADMISSION_NOT_ELIGIBLE","false","LEGACY_PRICE_RETAIN","2"
"admission_5d52936e343fbee74277e49a1466ce507e28ed32b882ee2f46588db2a5b50b72","022007737c44b2e147e7d7313b8aa7333190f0e1f383ebbfcb93a8ab8aa02fd9","RECONCILE_LEGACY_LEDGER_PRICE_EVIDENCE","SOURCE_EXPLICIT_USD_MATCH","PRICE_NOT_SUPPLIED","PRICE_NOT_SUPPLIED","true","LEGACY_PRICE_NULL","1"
"admission_5dfefc37e24b77b50c628b7ca1e0dca71ef2e72152ef2ec077d14200f2f7978d","eeb20cb9b47dd1f43fd991465521d2527ebbf5dc0947cd3541629d3a8dfc60a9","RECONCILE_LEGACY_LEDGER_PRICE_EVIDENCE","SOURCE_EXPLICIT_USD_MATCH","PRICE_NOT_SUPPLIED","PRICE_NOT_SUPPLIED","true","LEGACY_PRICE_NULL","1"
"admission_61855ea0307f1e7a0cf9df85ea0a8f7e8e8f23e7b828cfc24aee373d0f6074a1","c33c6ed04dbf32aad96902583146c9bed83ab968759f6b5e6a2daea72116fa4f","RECONCILE_LEGACY_LEDGER_PRICE_EVIDENCE","SOURCE_EXPLICIT_USD_MATCH","PRICE_RESEARCH_ADMISSION_NOT_ELIGIBLE","PRICE_RESEARCH_ADMISSION_NOT_ELIGIBLE","false","LEGACY_PRICE_RETAIN","2"
"admission_61bd4aaa5e1938b2366e88ea098796230e961959d5e3f01c3b34e274a3a40b27","5ad8f762ec2a3b5efc0ae02f20cfc1da5dbc15c7489acb6ba5b06109cc31dd53","RECONCILE_LEGACY_LEDGER_PRICE_EVIDENCE","SOURCE_EXPLICIT_USD_MATCH","PRICE_RESEARCH_ADMISSION_NOT_ELIGIBLE","PRICE_RESEARCH_ADMISSION_NOT_ELIGIBLE","false","LEGACY_PRICE_RETAIN","2"
"admission_63756865b60645242d9f0384b1f7314c0f64acdd0ae20da923a07f78ec5d63c3","eaddafa64c9317452c5b73bc3c5721ddedc711919697091c93aeb8555061ad94","RECONCILE_LEGACY_LEDGER_PRICE_EVIDENCE","SOURCE_EXPLICIT_USD_MATCH","PRICE_RESEARCH_ADMISSION_NOT_ELIGIBLE","PRICE_RESEARCH_ADMISSION_NOT_ELIGIBLE","false","LEGACY_PRICE_RETAIN","2"
"admission_645e523bb1aef9e23bc0bd4bff161107f4293e4df49fab6ea111401373066ea7","5d005b303de85602913f5476c2a28c2792a03a64a952640581b9ba1615b9a1bd","RECONCILE_LEGACY_LEDGER_PRICE_EVIDENCE","SOURCE_EXPLICIT_USD_MATCH","PRICE_RESEARCH_ADMISSION_NOT_ELIGIBLE","PRICE_RESEARCH_ADMISSION_NOT_ELIGIBLE","false","LEGACY_PRICE_RETAIN","2"
"admission_649ae9b9bdad1b9da063f9deb1902b3b87754bb8a34c6ca5e355e09f0284ddb9","0b5b239a9221a3fad57e137a101bff34c3b45e6f8de7de670fa9af53848a4c1b","RECONCILE_LEGACY_LEDGER_PRICE_EVIDENCE","SOURCE_EXPLICIT_USD_MATCH","PRICE_RESEARCH_ADMISSION_NOT_ELIGIBLE","PRICE_RESEARCH_ADMISSION_NOT_ELIGIBLE","false","LEGACY_PRICE_RETAIN","2"
"admission_6633c2430700bf2d9e1cc05a84f14816293061c8878ca2e92e760d9e4618aa5a","58b90e3807d7078ddf187bf83b593e42d75a30df6518105c08621e3710e000a3","RECONCILE_LEGACY_LEDGER_PRICE_EVIDENCE","SOURCE_EXPLICIT_USD_MATCH","PRICE_RESEARCH_ADMISSION_NOT_ELIGIBLE","PRICE_RESEARCH_ADMISSION_NOT_ELIGIBLE","false","LEGACY_PRICE_RETAIN","2"
"admission_67931e0bb1267ff9d273b277aec526644e1958176228212d6650f1e21ff1b06a","eedcdb340456348d5ec5326b9d79c87793ab7415562176c46c865e3ead8a4805","RECONCILE_LEGACY_LEDGER_PRICE_EVIDENCE","SOURCE_EXPLICIT_USD_MATCH","PRICE_NOT_SUPPLIED","PRICE_NOT_SUPPLIED","true","LEGACY_PRICE_NULL","1"
"admission_689a8a56915132e0c79b1d67792f6c505e19c7b16b7c09e692676e1749248c9a","f1a90baf2723139dbd5beaad8641bffd1eb9b6f00c4ba4a3810f7478692932c7","RECONCILE_LEGACY_LEDGER_PRICE_EVIDENCE","SOURCE_EXPLICIT_USD_MATCH","PRICE_RESEARCH_ADMISSION_NOT_ELIGIBLE","PRICE_RESEARCH_ADMISSION_NOT_ELIGIBLE","false","LEGACY_PRICE_RETAIN","2"
"admission_68e729357f3ec37205362c1e0b7cc9cb80934a011d027bd53409ba29965b1f38","48c3c924d3df1da42a6bef773517ed6511e503d74920ec2b26e9815ede8729ec","RECONCILE_LEGACY_LEDGER_PRICE_EVIDENCE","SOURCE_EXPLICIT_USD_MATCH","PRICE_RESEARCH_ADMISSION_NOT_ELIGIBLE","PRICE_RESEARCH_ADMISSION_NOT_ELIGIBLE","false","LEGACY_PRICE_RETAIN","2"
"admission_6ad3f0045beb0a867f2b91c0fc17429582d4737ab7604da76afec80f7005cf92","efb169954f80911799cd56ced5717c21ecd63c7ce849f40e882783903c483f41","RECONCILE_LEGACY_LEDGER_PRICE_EVIDENCE","SOURCE_EXPLICIT_USD_MATCH","PRICE_NOT_SUPPLIED","PRICE_NOT_SUPPLIED","true","LEGACY_PRICE_NULL","1"
"admission_6ad6dcb6da704fb356dd042a6a4ffbb78bd3698fd9ddc723fd54eca71a8a90c5","344103df93ba3233a0a463ecb873261b55b779f6829eacb0a82c7383f5b07221","RECONCILE_LEGACY_LEDGER_PRICE_EVIDENCE","SOURCE_EXPLICIT_USD_MATCH","PRICE_RESEARCH_ADMISSION_NOT_ELIGIBLE","PRICE_RESEARCH_ADMISSION_NOT_ELIGIBLE","false","LEGACY_PRICE_RETAIN","2"
"admission_6b70066a486659b5c0677f205d7026f12cabf93faae5071f7c05e99dcadd72bc","61d69ef851929a477476887b6d8b253c4a5261aa12cfab63e0afd61c4d1fff72","RECONCILE_LEGACY_LEDGER_PRICE_EVIDENCE","SOURCE_EXPLICIT_USD_MATCH","PRICE_RESEARCH_ADMISSION_NOT_ELIGIBLE","PRICE_RESEARCH_ADMISSION_NOT_ELIGIBLE","false","LEGACY_PRICE_RETAIN","2"
"admission_6bbc3eae3a9361c8cbb3d213fa08cf7bf32c83a7f02e5d162f3c4590c9af31b1","8f9aff50958cb5162295de97ec6b177c553def54c2eb7822c7d941502088bf00","RECONCILE_LEGACY_LEDGER_PRICE_EVIDENCE","SOURCE_EXPLICIT_USD_MATCH","PRICE_NOT_SUPPLIED","PRICE_NOT_SUPPLIED","true","LEGACY_PRICE_NULL","1"
"admission_6c28498a33ac9e420a35fde1e7e28308668a88428decaa971d01a4d1751084b6","67503ceb744c50f0d5f5f53d127d3e24d5b952cbdcf16fd2b9003fc4ebc60770","RECONCILE_LEGACY_LEDGER_PRICE_EVIDENCE","SOURCE_EXPLICIT_USD_MATCH","PRICE_RESEARCH_ADMISSION_NOT_ELIGIBLE","PRICE_RESEARCH_ADMISSION_NOT_ELIGIBLE","false","LEGACY_PRICE_RETAIN","2"
"admission_6e4745c93a84e67c6d294923b6d28d3bee38fc1f0ec37315f79e1852183206b2","5b317ff3312ef8afc576cdcda16b2c46d5ea690aea2d52348d0e62f8b71abba2","RECONCILE_LEGACY_LEDGER_PRICE_EVIDENCE","SOURCE_EXPLICIT_USD_MATCH","PRICE_RESEARCH_ADMISSION_NOT_ELIGIBLE","PRICE_RESEARCH_ADMISSION_NOT_ELIGIBLE","false","LEGACY_PRICE_RETAIN","2"
"admission_6e77d451789f167292fee2994aceaa52c0db6173a95b1ae89a6011bf14e1e0fc","8dfb10870f8b1a7bdf7d8bf4f91c496cc1c4a1afa444dbe5ff5ff860404d5f4d","RECONCILE_LEGACY_LEDGER_PRICE_EVIDENCE","SOURCE_EXPLICIT_USD_MATCH","PRICE_NOT_SUPPLIED","PRICE_NOT_SUPPLIED","true","LEGACY_PRICE_NULL","1"
"admission_6ebc046501f02551f49030f222c5346db8b6c17c0f5d63fb326d7127af7f0606","c7c621c0f7c72716ad8b8482e182e85f4b6ea748bcb41fee85f97b34ec00b815","RECONCILE_LEGACY_LEDGER_PRICE_EVIDENCE","SOURCE_EXPLICIT_USD_MATCH","PRICE_RESEARCH_ADMISSION_NOT_ELIGIBLE","PRICE_RESEARCH_ADMISSION_NOT_ELIGIBLE","false","LEGACY_PRICE_RETAIN","2"
"admission_6ec35c18909553f3788a8f072f141e7156949069046a6a5c01aee8f3e2f74ae3","787a350248d111fede221b0a53f47f5d18e1e876924bd9a762475a2d0922ad5d","RECONCILE_LEGACY_LEDGER_PRICE_EVIDENCE","SOURCE_EXPLICIT_USD_MATCH","PRICE_NOT_SUPPLIED","PRICE_NOT_SUPPLIED","true","LEGACY_PRICE_NULL","1"
"admission_6fb018cb98f2efe9e70546e8d9f51c1b1b2a2eb870ed810ee7c5f5148bef377f","6c576cbf5fba9168e334e500fbd430ac1ea89d31c8522928a214582f0da75ef7","RECONCILE_LEGACY_LEDGER_PRICE_EVIDENCE","SOURCE_EXPLICIT_USD_MATCH","PRICE_RESEARCH_ADMISSION_NOT_ELIGIBLE","PRICE_RESEARCH_ADMISSION_NOT_ELIGIBLE","false","LEGACY_PRICE_RETAIN","2"
"admission_712537cf5cd9863a75e80a5adbb92f23aaf386a3d758a4cea346bb600dce9280","520f0dd321b25616bc612d697fc667adb21dea44136bc950b8e21f8c65d3a886","RECONCILE_LEGACY_LEDGER_PRICE_EVIDENCE","SOURCE_EXPLICIT_USD_MATCH","PRICE_NOT_SUPPLIED","PRICE_NOT_SUPPLIED","true","LEGACY_PRICE_NULL","1"
"admission_71857a0988fcca91f880bed500d6600507a5fcf6e6d68b9fbf9714d3ce4e7e29","e68c652ccda147f7ab1625949761d56012952ac8ef6d743534044c80cb6922f1","RECONCILE_LEGACY_LEDGER_PRICE_EVIDENCE","SOURCE_EXPLICIT_USD_MATCH","PRICE_RESEARCH_ADMISSION_NOT_ELIGIBLE","PRICE_RESEARCH_ADMISSION_NOT_ELIGIBLE","false","LEGACY_PRICE_RETAIN","2"
"admission_71a0b4d23a1b61de4f6f23d4a5eab33208f555d0354fe9c907d305c54a9911c9","8ef7e667632578be90084e833a7342903f3fdfba3fd9939c868af94d070c5d1f","RECONCILE_LEGACY_LEDGER_PRICE_EVIDENCE","SOURCE_EXPLICIT_USD_MATCH","PRICE_RESEARCH_ADMISSION_NOT_ELIGIBLE","PRICE_RESEARCH_ADMISSION_NOT_ELIGIBLE","false","LEGACY_PRICE_RETAIN","2"
"admission_71baf3f7ad94f63a55eafa678d9cf936f6df70ae187db9578ad79c4c9abae0e6","b09f20ec3b92cd6d84118cf276e8f84ff4b242d19793fe6c418c8fcb8c45ddad","RECONCILE_LEGACY_LEDGER_PRICE_EVIDENCE","SOURCE_EXPLICIT_USD_MATCH","PRICE_RESEARCH_ADMISSION_NOT_ELIGIBLE","PRICE_RESEARCH_ADMISSION_NOT_ELIGIBLE","false","LEGACY_PRICE_RETAIN","2"
"admission_74547a5fc1598afdaaa501bc4ac471c2e6e8e21b3459e15b6514acb745efe75d","e1657b32ca31c64c4107603e90ba3b0ab8ba43abc0d95e37352d60ce94553609","RECONCILE_LEGACY_LEDGER_PRICE_EVIDENCE","SOURCE_EXPLICIT_USD_MATCH","PRICE_RESEARCH_ADMISSION_NOT_ELIGIBLE","PRICE_RESEARCH_ADMISSION_NOT_ELIGIBLE","false","LEGACY_PRICE_RETAIN","2"
"admission_755363621c0e37798feba579bfbb9f86b4195ee60a2c2da35773e236486448cd","d0d24da4a56148caeea8c31d9d1939e96710b3e6eacad8b60a8539f6767a364c","RECONCILE_LEGACY_LEDGER_PRICE_EVIDENCE","SOURCE_EXPLICIT_USD_MATCH","PRICE_RESEARCH_ADMISSION_NOT_ELIGIBLE","PRICE_RESEARCH_ADMISSION_NOT_ELIGIBLE","false","LEGACY_PRICE_RETAIN","2"
"admission_7659ced88c6da9510973a109da37abdcc8552a0bc8f9e63d2522f1e1549be66a","629889f26bbe4804cedb61c10336e8f8a534eda20fc60eb080756c2d21e5256a","RECONCILE_LEGACY_LEDGER_PRICE_EVIDENCE","SOURCE_EXPLICIT_USD_MATCH","PRICE_RESEARCH_ADMISSION_NOT_ELIGIBLE","PRICE_RESEARCH_ADMISSION_NOT_ELIGIBLE","false","LEGACY_PRICE_RETAIN","2"
"admission_7670acfce3c6dc52404cee39a0dd7edf4f4527fbc6a5ab06b2282d380a292123","e475e625ea65cd783863add36426334d9dda72b08a4bfa51bf877ad6c7e8ed98","RECONCILE_LEGACY_LEDGER_PRICE_EVIDENCE","SOURCE_EXPLICIT_USD_MATCH","PRICE_RESEARCH_ADMISSION_NOT_ELIGIBLE","PRICE_RESEARCH_ADMISSION_NOT_ELIGIBLE","false","LEGACY_PRICE_RETAIN","2"
"admission_76df12ca626ab420a5ed9253559abc6f9464b1d5b7b9621f8b38a14196c2fa7b","47d35b7d89f39d5f17136dc9ceb52de72bd147d13a862cbfaa15c6ceb8ae1fe6","RECONCILE_LEGACY_LEDGER_PRICE_EVIDENCE","SOURCE_EXPLICIT_USD_MATCH","PRICE_NOT_SUPPLIED","PRICE_NOT_SUPPLIED","true","LEGACY_PRICE_NULL","1"
"admission_7756869f4567dac93434823e75eb99ef77d8f681949b46a0a63e9a460c83c9fe","8b39d02a4ef883b81deb88c22486ce7395333a006a0dc94bde3fab2641affeca","RECONCILE_LEGACY_LEDGER_PRICE_EVIDENCE","SOURCE_EXPLICIT_USD_MATCH","PRICE_NOT_SUPPLIED","PRICE_NOT_SUPPLIED","true","LEGACY_PRICE_NULL","1"
"admission_789bcd581fefe5a5b537651c4ee9d0d654063d21f11c9c21a19366265dc49d36","0af6d3727018bd55204e53ae545b21b896db7dec56b0be96bb1ffa463b66ce74","RECONCILE_LEGACY_LEDGER_PRICE_EVIDENCE","SOURCE_EXPLICIT_USD_MATCH","PRICE_RESEARCH_ADMISSION_NOT_ELIGIBLE","PRICE_RESEARCH_ADMISSION_NOT_ELIGIBLE","false","LEGACY_PRICE_RETAIN","2"
"admission_79232ecda2622b86392914791c55bdd3ca4db925cfadf8af7c1c52b56cbb2839","7669cab79b816ac7e357a2bec2cd58e39e1e253a01cbad5f30eec8d7400859cc","RECONCILE_LEGACY_LEDGER_PRICE_EVIDENCE","SOURCE_EXPLICIT_USD_MATCH","PRICE_RESEARCH_ADMISSION_NOT_ELIGIBLE","PRICE_RESEARCH_ADMISSION_NOT_ELIGIBLE","false","LEGACY_PRICE_RETAIN","2"
"admission_7a44ec56534bfc100b99cfc23dfc064af5f498d6dc9b2964e5f38ea2552d2f58","2f71105414605143c3b99d157f63dbf43e91ab6fec33ad834f9e292ac01ea9b5","RECONCILE_LEGACY_LEDGER_PRICE_EVIDENCE","SOURCE_EXPLICIT_USD_MATCH","PRICE_RESEARCH_ADMISSION_NOT_ELIGIBLE","PRICE_RESEARCH_ADMISSION_NOT_ELIGIBLE","false","LEGACY_PRICE_RETAIN","2"
"admission_7aa93b1a407208386cbdd8c27bc4e5a120f6b1ef2b2470545d8aecca60e8e078","1c51b66320f6424e7120bbbc67c425c3a269c84eafb0d23da3ea967f321c58b6","RECONCILE_LEGACY_LEDGER_PRICE_EVIDENCE","SOURCE_EXPLICIT_USD_MATCH","PRICE_RESEARCH_ADMISSION_NOT_ELIGIBLE","PRICE_RESEARCH_ADMISSION_NOT_ELIGIBLE","false","LEGACY_PRICE_RETAIN","2"
"admission_7c6d9684bb867938973817ff907cbc83d8bac43c022ea06fbcfc9bf28126c992","de8dd2c9942a4e190585e609ef5009ae1ed6b84f303b59ca500c76cbb852e032","RECONCILE_LEGACY_LEDGER_PRICE_EVIDENCE","SOURCE_EXPLICIT_USD_MATCH","PRICE_RESEARCH_ADMISSION_NOT_ELIGIBLE","PRICE_RESEARCH_ADMISSION_NOT_ELIGIBLE","false","LEGACY_PRICE_RETAIN","2"
"admission_7d97f32d11851708b66a489a410d6656cc0818413e757518b9a35731c9802a2a","2219f71abc014468298c845c5ab0be47b89c7f4d75640c400ce1a446201b9988","RECONCILE_LEGACY_LEDGER_PRICE_EVIDENCE","SOURCE_EXPLICIT_USD_MATCH","PRICE_NOT_SUPPLIED","PRICE_NOT_SUPPLIED","true","LEGACY_PRICE_NULL","1"
"admission_7df4bf7964d9aac772bb14c076efb82290ea2f46cdf967ef60f52e9a198e01d0","0af668289121fcf8b2762fac04503d9b87d87d3564c855ccc24fb54009885446","RECONCILE_LEGACY_LEDGER_PRICE_EVIDENCE","SOURCE_EXPLICIT_USD_MATCH","PRICE_NOT_SUPPLIED","PRICE_NOT_SUPPLIED","true","LEGACY_PRICE_NULL","1"
"admission_81790c559fd17b68578925276f43bdb89421916540ae1ad20784001c53448898","89c9ba744c0a274f781a586e691ceb8bcd044bc4930e264cb847afca9b0fd1c5","RECONCILE_LEGACY_LEDGER_PRICE_EVIDENCE","SOURCE_EXPLICIT_USD_MATCH","PRICE_NOT_SUPPLIED","PRICE_NOT_SUPPLIED","true","LEGACY_PRICE_NULL","1"
"admission_825a4278f68478e403ac5a6be2b1f6dc3946f7d13d4be7a55915f17626bc5bbd","d289b899b7b8d312dbf6763bb0aeff70b000467100f8e8739123247cbfff5129","RECONCILE_LEGACY_LEDGER_PRICE_EVIDENCE","SOURCE_EXPLICIT_USD_MATCH","PRICE_RESEARCH_ADMISSION_NOT_ELIGIBLE","PRICE_RESEARCH_ADMISSION_NOT_ELIGIBLE","false","LEGACY_PRICE_RETAIN","2"
"admission_8298e2156c48b78fe0e65150b839caccf2131fe591d7d88059626085aed5ba25","2780301f6aa180257e5f5815ce0a90391e41c6049891e16d15b7640f08e1bf43","RECONCILE_LEGACY_LEDGER_PRICE_EVIDENCE","SOURCE_EXPLICIT_USD_MATCH","PRICE_NOT_SUPPLIED","PRICE_NOT_SUPPLIED","true","LEGACY_PRICE_NULL","1"
"admission_82b9c75a5d59471ad27ecfec5b8ff9aec753604dbc6b33b1216bba87c0eb40c6","5c75a4b8f4b97697f0343d2cae4bc1ae875e0e46354435630b775d653c24718c","RECONCILE_LEGACY_LEDGER_PRICE_EVIDENCE","SOURCE_EXPLICIT_USD_MATCH","PRICE_RESEARCH_ADMISSION_NOT_ELIGIBLE","PRICE_RESEARCH_ADMISSION_NOT_ELIGIBLE","false","LEGACY_PRICE_RETAIN","2"
"admission_83b37938f4b1f31c5b88bc829f43d228c21b142370e73f462089ae1ab79dc9c9","8044ae3b166f3bbd1823cf66c04117dd7fb7f5400e934136642f5d3850e2ef24","RECONCILE_LEGACY_LEDGER_PRICE_EVIDENCE","SOURCE_EXPLICIT_USD_MATCH","PRICE_RESEARCH_ADMISSION_NOT_ELIGIBLE","PRICE_RESEARCH_ADMISSION_NOT_ELIGIBLE","false","LEGACY_PRICE_RETAIN","2"
"admission_85b60cc79469c3cb104615fac2c60a07e1aa2dfaeaf734be270911faeb59ae4f","3631459490405a10d3dc2c97a37db1eedb44cb34a0fbc831947e732d1c53cb66","RECONCILE_LEGACY_LEDGER_PRICE_EVIDENCE","SOURCE_EXPLICIT_USD_MATCH","PRICE_NOT_SUPPLIED","PRICE_NOT_SUPPLIED","true","LEGACY_PRICE_NULL","1"
"admission_8616ad884f9008970d3343deca13d6955f3486c344eb0f9863db1584ec181240","9b675a5aba6f49d76e1957383b171f2caea89d4edefb21c38ca701482bd67756","RECONCILE_LEGACY_LEDGER_PRICE_EVIDENCE","SOURCE_EXPLICIT_USD_MATCH","PRICE_RESEARCH_ADMISSION_NOT_ELIGIBLE","PRICE_RESEARCH_ADMISSION_NOT_ELIGIBLE","false","LEGACY_PRICE_RETAIN","2"
"admission_873c53c281ec3e853d9dacadfe3fa18d18be2f7d4c08fa17241837e05205819f","0ee9871836af9de1b44f5eda436887dc6cfbe717a7570efc49af2632c0808287","RECONCILE_LEGACY_LEDGER_PRICE_EVIDENCE","SOURCE_EXPLICIT_USD_MATCH","PRICE_RESEARCH_ADMISSION_NOT_ELIGIBLE","PRICE_RESEARCH_ADMISSION_NOT_ELIGIBLE","false","LEGACY_PRICE_RETAIN","2"
"admission_883c86e49dd7be99b0a5e8919efed4855a27de2e7d014884264a7f07126769b1","973a6c8bc9aeb77bd730f501b84817b2d8db4945748792b04d7ffe054912ac8e","RECONCILE_LEGACY_LEDGER_PRICE_EVIDENCE","SOURCE_EXPLICIT_USD_MATCH","PRICE_NOT_SUPPLIED","PRICE_NOT_SUPPLIED","true","LEGACY_PRICE_NULL","1"
"admission_8910672ca5e8a4a7c19ff7e277e0ea73e8e34790fa8c8dff699914c00d911cae","c1f476f78c536be8af14b8b0c73cd3953b64ca930fbec282e2b0aaae09475b9b","RECONCILE_LEGACY_LEDGER_PRICE_EVIDENCE","SOURCE_EXPLICIT_USD_MATCH","PRICE_RESEARCH_ADMISSION_NOT_ELIGIBLE","PRICE_RESEARCH_ADMISSION_NOT_ELIGIBLE","false","LEGACY_PRICE_RETAIN","2"
"admission_8944d492b087dc8b4fb2e5dc801427d2dc4e05621a8704636911d91d358c7b31","c413600e792869475fba7f9d06b206d6edc48419703f3b1548b9478a4856176e","RECONCILE_LEGACY_LEDGER_PRICE_EVIDENCE","SOURCE_EXPLICIT_USD_MATCH","PRICE_RESEARCH_ADMISSION_NOT_ELIGIBLE","PRICE_RESEARCH_ADMISSION_NOT_ELIGIBLE","false","LEGACY_PRICE_RETAIN","2"
"admission_8a048de3070d2ba62ce3aca92b76fed361e01bc17c319a66ed0f6b172566a82a","c3c3744d41cf3e3d820c0ae0f10ca86172682e8f3794e7a3ec90b83c9e97d22d","RECONCILE_LEGACY_LEDGER_PRICE_EVIDENCE","SOURCE_EXPLICIT_USD_MATCH","PRICE_RESEARCH_ADMISSION_NOT_ELIGIBLE","PRICE_RESEARCH_ADMISSION_NOT_ELIGIBLE","false","LEGACY_PRICE_RETAIN","2"
"admission_8a2803515d6168d46f490b57aaa3ca728e59353562862a525c164a81b5dcd068","205d6355bd71def65cf2b029eb507e7f6f15e1cbfa12df436da0b6ccf96e2acb","RECONCILE_LEGACY_LEDGER_PRICE_EVIDENCE","SOURCE_EXPLICIT_USD_MATCH","PRICE_RESEARCH_ADMISSION_NOT_ELIGIBLE","PRICE_RESEARCH_ADMISSION_NOT_ELIGIBLE","false","LEGACY_PRICE_RETAIN","2"
"admission_8adffc13cb6db80fb3560661956991e998eeeeb775a9904e7b2c4fd443fc2f12","1c11cf2671efab943e13b6476248ed405a0dd13a93c5e097772786ca6a9af672","RECONCILE_LEGACY_LEDGER_PRICE_EVIDENCE","SOURCE_EXPLICIT_USD_MATCH","PRICE_RESEARCH_ADMISSION_NOT_ELIGIBLE","PRICE_RESEARCH_ADMISSION_NOT_ELIGIBLE","false","LEGACY_PRICE_RETAIN","2"
"admission_8d194cf6a558a878d48e5ff8a3d0b1215384976ec0469a3298cd8b5b01df9798","5459fdb7f49af7e19c1fdd6de9d62fdaf39bba9a06fef3268ea8781c12724e72","RECONCILE_LEGACY_LEDGER_PRICE_EVIDENCE","SOURCE_EXPLICIT_USD_MATCH","PRICE_RESEARCH_ADMISSION_NOT_ELIGIBLE","PRICE_RESEARCH_ADMISSION_NOT_ELIGIBLE","false","LEGACY_PRICE_RETAIN","2"
"admission_8d4855bc11f5410b40e3defcd6e4fe9feeb1ab80d009df2e57aa93f2ffd28b7c","3c9ac7503e4aebef55cf2680a12a6bb7e8fb98393a540241b133f20742063bd2","RECONCILE_LEGACY_LEDGER_PRICE_EVIDENCE","SOURCE_EXPLICIT_USD_MATCH","PRICE_RESEARCH_ADMISSION_NOT_ELIGIBLE","PRICE_RESEARCH_ADMISSION_NOT_ELIGIBLE","false","LEGACY_PRICE_RETAIN","2"
"admission_8d9a0c7f831aff744dec6f0059a5c5d1ec2e2fa5a9fb99bc1c8bbbbb285572c2","0451fb9237a57d6dc31e53cd859c08ee981f65f235ed3f24a9cff2ba31a32635","RECONCILE_LEGACY_LEDGER_PRICE_EVIDENCE","SOURCE_EXPLICIT_USD_MATCH","PRICE_RESEARCH_ADMISSION_NOT_ELIGIBLE","PRICE_RESEARCH_ADMISSION_NOT_ELIGIBLE","false","LEGACY_PRICE_RETAIN","2"
"admission_8d9da128b8adc1c6c41287ee69b67b17539a95ad56df814e2eb941b811eb3ab4","45581ba0a54cb4571c55d100fd378fea23fc8762ea04a954c1541dea36bcab74","RECONCILE_LEGACY_LEDGER_PRICE_EVIDENCE","SOURCE_EXPLICIT_USD_MATCH","PRICE_RESEARCH_ADMISSION_NOT_ELIGIBLE","PRICE_RESEARCH_ADMISSION_NOT_ELIGIBLE","false","LEGACY_PRICE_RETAIN","2"
"admission_8e1dc780cc02382fd2dd4137477057764cb088c5b27a544bd8df22cab62a3b7a","9558190b2a70d0935e4c7dc02dfbe739782148f1a840fcd0f7df76eaa834a00e","RECONCILE_LEGACY_LEDGER_PRICE_EVIDENCE","SOURCE_EXPLICIT_USD_MATCH","PRICE_RESEARCH_ADMISSION_NOT_ELIGIBLE","PRICE_RESEARCH_ADMISSION_NOT_ELIGIBLE","false","LEGACY_PRICE_RETAIN","2"
"admission_8fec45c6fe31236f455d4a1a6c49e8159c8c792a9e7ef43850995c0eb76c12bd","7abbb3cca323a8871715b8d5ad0a0675120121e06af33f770346e0e73f7b3035","RECONCILE_LEGACY_LEDGER_PRICE_EVIDENCE","SOURCE_EXPLICIT_USD_MATCH","PRICE_RESEARCH_ADMISSION_NOT_ELIGIBLE","PRICE_RESEARCH_ADMISSION_NOT_ELIGIBLE","false","LEGACY_PRICE_RETAIN","2"
"admission_905682a6c1733745fa5be07f70e6a1b228788e2f567f54d6e067a52f7b9a17f4","5f9442ee0db03163869867b9b899c7ed80f6d8bb8c199c3f4cc9c2251500bc81","RECONCILE_LEGACY_LEDGER_PRICE_EVIDENCE","SOURCE_EXPLICIT_USD_MATCH","PRICE_NOT_SUPPLIED","PRICE_NOT_SUPPLIED","true","LEGACY_PRICE_NULL","1"
"admission_90ee5361cc24aea5cb928159e56cb0b472bf42fb5e68083de71f5186818ca090","8e2a02a08f51d7803e1460b8d625cfdad597d0be06ab8e15ef24dcd8312610db","RECONCILE_LEGACY_LEDGER_PRICE_EVIDENCE","SOURCE_EXPLICIT_USD_MATCH","PRICE_RESEARCH_ADMISSION_NOT_ELIGIBLE","PRICE_RESEARCH_ADMISSION_NOT_ELIGIBLE","false","LEGACY_PRICE_RETAIN","2"
"admission_90f1e6e0db1771eb91ddde58984fc32e92811ca0672f367cf86206f5e1f818a9","5c6fb8f7dd59b8c0d818c4bf5452035a3f7f956830925412ac374b5ba1d57a23","RECONCILE_LEGACY_LEDGER_PRICE_EVIDENCE","SOURCE_EXPLICIT_USD_MATCH","PRICE_RESEARCH_ADMISSION_NOT_ELIGIBLE","PRICE_RESEARCH_ADMISSION_NOT_ELIGIBLE","false","LEGACY_PRICE_RETAIN","2"
"admission_915e6f27d33512f1cf7b515480f07ce5cbafc382859946a61b896bf579f4b32b","f2eec82499a2da28acf386bea9cf9875ec810fac4527efa0b44185814267213b","RECONCILE_LEGACY_LEDGER_PRICE_EVIDENCE","SOURCE_EXPLICIT_USD_MATCH","PRICE_RESEARCH_ADMISSION_NOT_ELIGIBLE","PRICE_RESEARCH_ADMISSION_NOT_ELIGIBLE","false","LEGACY_PRICE_RETAIN","2"
"admission_91d7e59f4067ebf3c59c6840e4d25e5ce288c94096def91e42d8081f5a70f1ec","2b2cd20a89abce0891fe3808495bf1bb8eb992a843dcdb0a58683e1944dffbc3","RECONCILE_LEGACY_LEDGER_PRICE_EVIDENCE","SOURCE_EXPLICIT_USD_MATCH","PRICE_RESEARCH_ADMISSION_NOT_ELIGIBLE","PRICE_RESEARCH_ADMISSION_NOT_ELIGIBLE","false","LEGACY_PRICE_RETAIN","2"
"admission_91e7d0b4e8e5f3738ff918a695b304c91a3e79687d2aaf12cabd2042e1383a87","71753c9bc0be28515bb78826d63c67f91d5e770fd4681b01e5fee6232ac004a5","RECONCILE_LEGACY_LEDGER_PRICE_EVIDENCE","SOURCE_EXPLICIT_USD_MATCH","PRICE_RESEARCH_ADMISSION_NOT_ELIGIBLE","PRICE_RESEARCH_ADMISSION_NOT_ELIGIBLE","false","LEGACY_PRICE_RETAIN","2"
"admission_92038f3a76972cad244cd9496939c8121f767636327c0def73364ddd6f309d62","d6081c0a172024c863052f0266bf5dc2a3b9610fd4192829dc4740f049113c25","RECONCILE_LEGACY_LEDGER_PRICE_EVIDENCE","SOURCE_EXPLICIT_USD_MATCH","PRICE_NOT_SUPPLIED","PRICE_NOT_SUPPLIED","true","LEGACY_PRICE_NULL","1"
"admission_92e30fcf71de1e897e21fb57875e28d26d08fa3e10a8ec9a8e2b45f37605fe55","fbeeb6eea463680409836507b93055a89cd350310742b26cb0e83dc1fb22f391","RECONCILE_LEGACY_LEDGER_PRICE_EVIDENCE","SOURCE_EXPLICIT_USD_MATCH","PRICE_RESEARCH_ADMISSION_NOT_ELIGIBLE","PRICE_RESEARCH_ADMISSION_NOT_ELIGIBLE","false","LEGACY_PRICE_RETAIN","2"
"admission_94faeb70dee5da54d44319c8ea3b45be83d3b28c42bf769593122552f4c54082","a20a997b49d1102ce305c8a58acfbeec8d4f127dfca41a904976ab6d262b6738","RECONCILE_LEGACY_LEDGER_PRICE_EVIDENCE","SOURCE_EXPLICIT_USD_MATCH","PRICE_NOT_SUPPLIED","PRICE_NOT_SUPPLIED","true","LEGACY_PRICE_NULL","1"
"admission_964312b617712196fee0c92bc8c8c5b1eb9573846e1fd028fb2678ba68ae680d","109b40aad1ca27e374013924cb193730c7d0ddf15b507355cc094e5168a755ce","RECONCILE_LEGACY_LEDGER_PRICE_EVIDENCE","SOURCE_EXPLICIT_USD_MATCH","PRICE_RESEARCH_ADMISSION_NOT_ELIGIBLE","PRICE_RESEARCH_ADMISSION_NOT_ELIGIBLE","false","LEGACY_PRICE_RETAIN","2"
"admission_97331482f3e0188f35048ae6136499cfa13fa1c4ffa960e2187e5d4b83bd1e4f","0fb94a2b6b79baa6b28a4baf2b5b968e3aa823044c561c897cfba7cfbcd9495e","RECONCILE_LEGACY_LEDGER_PRICE_EVIDENCE","SOURCE_EXPLICIT_USD_MATCH","PRICE_RESEARCH_ADMISSION_NOT_ELIGIBLE","PRICE_RESEARCH_ADMISSION_NOT_ELIGIBLE","false","LEGACY_PRICE_RETAIN","2"
"admission_999dfd1d694bfe269e22da4cded4d3855a617b118d1c908a43fab1bd6a453df6","5a21fe4afb10a2d719c5f3395b46165c6bb3e0f86fdd8d47d3a19b3bf59c206c","RECONCILE_LEGACY_LEDGER_PRICE_EVIDENCE","SOURCE_EXPLICIT_USD_MATCH","PRICE_NOT_SUPPLIED","PRICE_NOT_SUPPLIED","true","LEGACY_PRICE_NULL","1"
"admission_9bd66b7ff69e2ab7dcb92fcd7c24b1158e8f99063431d72bab8cf51beb12a292","815ea8c0989a37f2ee4a2fc221694554a7956f0add2a24d4f85ae1f3aaee5c50","RECONCILE_LEGACY_LEDGER_PRICE_EVIDENCE","SOURCE_EXPLICIT_USD_MATCH","PRICE_RESEARCH_ADMISSION_NOT_ELIGIBLE","PRICE_RESEARCH_ADMISSION_NOT_ELIGIBLE","false","LEGACY_PRICE_RETAIN","2"
"admission_9ce85913d0df2c34f039673e1be168fb0158b13821a6a9f9f2ed3d06db2f04c2","d62ff5bb2750d2beaaeab14a38b28ba129b1a43aeb1f2e73d07c521a3698e74a","RECONCILE_LEGACY_LEDGER_PRICE_EVIDENCE","SOURCE_EXPLICIT_USD_MATCH","PRICE_NOT_SUPPLIED","PRICE_NOT_SUPPLIED","true","LEGACY_PRICE_NULL","1"
"admission_9f0c807b86d3346834871444df54da2dd19b928dea882507be274876e771b518","92c5a31abb40396c5ddf77d7d7dcad9c126a373f0bcffd0dcb64bc233488199b","RECONCILE_LEGACY_LEDGER_PRICE_EVIDENCE","SOURCE_EXPLICIT_USD_MATCH","PRICE_NOT_SUPPLIED","PRICE_NOT_SUPPLIED","true","LEGACY_PRICE_NULL","1"
"admission_a0160461a9c1bf6b84d3fae8f638cd73f81f4ed33a4dad9685b2f85ccdcb466c","15ff702b44f39dbc3b03d973eed90ba57b6121a6aa5782e37e703bdbf28d386b","RECONCILE_LEGACY_LEDGER_PRICE_EVIDENCE","SOURCE_EXPLICIT_USD_MATCH","PRICE_RESEARCH_ADMISSION_NOT_ELIGIBLE","PRICE_RESEARCH_ADMISSION_NOT_ELIGIBLE","false","LEGACY_PRICE_RETAIN","2"
"admission_a231d80a2a01ef0825b2a372dd8269f7950ea1388fa214462a71419514371f68","a55b99f3ed4bc58265d969f3bdb979e1bb8c9354e1384b1646b8e119e7e5fae7","RECONCILE_LEGACY_LEDGER_PRICE_EVIDENCE","SOURCE_EXPLICIT_USD_MATCH","PRICE_RESEARCH_ADMISSION_NOT_ELIGIBLE","PRICE_RESEARCH_ADMISSION_NOT_ELIGIBLE","false","LEGACY_PRICE_RETAIN","2"
"admission_a2f51c5cd69b9c105519b8deb857f5517707c68c34e81932f48f5b83eb74fd2d","6fe3abb5da743c72515912520d5bcbfe2845eda68ee9534de63b4aeb23070347","RECONCILE_LEGACY_LEDGER_PRICE_EVIDENCE","SOURCE_EXPLICIT_USD_MATCH","PRICE_RESEARCH_ADMISSION_NOT_ELIGIBLE","PRICE_RESEARCH_ADMISSION_NOT_ELIGIBLE","false","LEGACY_PRICE_RETAIN","2"
"admission_a3c931a9981859ffab18ac1866ff546861c18ed8141d5aa8c6ffab91058eac41","b392af251de9b62fcc6df3257364ffab317f1a250314e5de86bc44cc86b237c9","RECONCILE_LEGACY_LEDGER_PRICE_EVIDENCE","SOURCE_EXPLICIT_USD_MATCH","PRICE_RESEARCH_ADMISSION_NOT_ELIGIBLE","PRICE_RESEARCH_ADMISSION_NOT_ELIGIBLE","false","LEGACY_PRICE_RETAIN","2"
"admission_a4dcacd6698862f0e2e2cccd137ef22569dce1384879668dbd207e0bc04e74ac","f77bfe3e24ac61f926084aa7fc9dce3a41347d7d4adda4ea403b14a07f6c00c3","RECONCILE_LEGACY_LEDGER_PRICE_EVIDENCE","SOURCE_EXPLICIT_USD_MATCH","PRICE_RESEARCH_ADMISSION_NOT_ELIGIBLE","PRICE_RESEARCH_ADMISSION_NOT_ELIGIBLE","false","LEGACY_PRICE_RETAIN","2"
"admission_a55f4eb90f869da83340fdbf0489542c5e81a1df0e5d896ff66ffccbbc7ca506","249ad16f83137b4e099d6a5d6a9057c7530de8b1400c45aac642f832124479d7","RECONCILE_LEGACY_LEDGER_PRICE_EVIDENCE","SOURCE_EXPLICIT_USD_MATCH","PRICE_NOT_SUPPLIED","PRICE_NOT_SUPPLIED","true","LEGACY_PRICE_NULL","1"
"admission_a5628f3d5b465ab6f9796cb46ec418c07a33b296b53e959c0a91fe17c4218125","37d64bfc399b8deb6a81e69f6a8f647a95877bb0a3195506654bf355a223e32f","RECONCILE_LEGACY_LEDGER_PRICE_EVIDENCE","SOURCE_EXPLICIT_USD_MATCH","PRICE_RESEARCH_ADMISSION_NOT_ELIGIBLE","PRICE_RESEARCH_ADMISSION_NOT_ELIGIBLE","false","LEGACY_PRICE_RETAIN","2"
"admission_a976fca12d0deaee59b08b12794fd8f167984969df0ce818d349fdd56ccc52ac","fc221ddd55c9486287776abdf0567c587ddebd822cc7c91d250841b5c4b51e00","RECONCILE_LEGACY_LEDGER_PRICE_EVIDENCE","SOURCE_EXPLICIT_USD_MATCH","PRICE_RESEARCH_ADMISSION_NOT_ELIGIBLE","PRICE_RESEARCH_ADMISSION_NOT_ELIGIBLE","false","LEGACY_PRICE_RETAIN","2"
"admission_aa20fddb4972fad477784b43c00e1ea8ec63b13736d9a1a9b370bc7dcd75d44c","5c1171ec4f998160d64b1320559f64f09d6e2bea688e1566e1690529256701fe","RECONCILE_LEGACY_LEDGER_PRICE_EVIDENCE","SOURCE_EXPLICIT_USD_MATCH","PRICE_RESEARCH_ADMISSION_NOT_ELIGIBLE","PRICE_RESEARCH_ADMISSION_NOT_ELIGIBLE","false","LEGACY_PRICE_RETAIN","2"
"admission_b26915e2f44bbb9ba653f6b130a426b531068b84688743d6dd919cc0830c4c41","5ec78d7fcf16b381b8d19b2fdb14930d2b0dbe5cc2d0d0797dc628ead3aac28a","RECONCILE_LEGACY_LEDGER_PRICE_EVIDENCE","SOURCE_EXPLICIT_USD_MATCH","PRICE_RESEARCH_ADMISSION_NOT_ELIGIBLE","PRICE_RESEARCH_ADMISSION_NOT_ELIGIBLE","false","LEGACY_PRICE_RETAIN","2"
"admission_b2f405057911353c609aec82e8be11e77d2d41efbd82f766ded0c4f99814bc61","e826d1f11b98f237fff74865e5dc6db024881589f4fcd3cfdc5d679888c2da9b","RECONCILE_LEGACY_LEDGER_PRICE_EVIDENCE","SOURCE_EXPLICIT_USD_MATCH","PRICE_RESEARCH_ADMISSION_NOT_ELIGIBLE","PRICE_RESEARCH_ADMISSION_NOT_ELIGIBLE","false","LEGACY_PRICE_RETAIN","2"
"admission_b353f670f3f60be0f5938e00ad0ce410298c9e47366e844e1822bf7f074eae97","0cbd7e760123279c6f4d2c7a4aca2ad7761936f30a10e19d902a7e9c9e47e276","RECONCILE_LEGACY_LEDGER_PRICE_EVIDENCE","SOURCE_EXPLICIT_USD_MATCH","PRICE_RESEARCH_ADMISSION_NOT_ELIGIBLE","PRICE_RESEARCH_ADMISSION_NOT_ELIGIBLE","false","LEGACY_PRICE_RETAIN","2"
"admission_b4f467cbc7575fe3f9801821d582c527a41c0c4b3e77802c83b3d4c28c36be20","3fab0009a7b5dc6e2e305be52fd168756c1658d9a37cb985ddba8ada722cce2c","RECONCILE_LEGACY_LEDGER_PRICE_EVIDENCE","SOURCE_EXPLICIT_USD_MATCH","PRICE_RESEARCH_ADMISSION_NOT_ELIGIBLE","PRICE_RESEARCH_ADMISSION_NOT_ELIGIBLE","false","LEGACY_PRICE_RETAIN","2"
"admission_b6ed119bc9e705a7711ed741f83913d6c4259f9cb0ff9feaa4f33c5e98e1c4e8","0e2efa3d2cd93cd7427d0e17b3c00c515ebc5103545edd2f491caba3a772df1a","RECONCILE_LEGACY_LEDGER_PRICE_EVIDENCE","SOURCE_EXPLICIT_USD_MATCH","PRICE_RESEARCH_ADMISSION_NOT_ELIGIBLE","PRICE_RESEARCH_ADMISSION_NOT_ELIGIBLE","false","LEGACY_PRICE_RETAIN","2"
"admission_b852f3802af557e59adac5528320045e2e08aa3236bc440767cb920dffed2f6d","048fd30ec605f42c4494c375d860d777c883b7ddd25b0a058d196dafea320b60","RECONCILE_LEGACY_LEDGER_PRICE_EVIDENCE","SOURCE_EXPLICIT_USD_MATCH","PRICE_RESEARCH_ADMISSION_NOT_ELIGIBLE","PRICE_RESEARCH_ADMISSION_NOT_ELIGIBLE","false","LEGACY_PRICE_RETAIN","2"
"admission_bb790c29134039444f96cef2bb6d4466105d6879395845d2e1f1e51a58e8581f","a7840aebb45035e392a6044e5fe095b9412ebd9861d4f844bfac30abed820b64","RECONCILE_LEGACY_LEDGER_PRICE_EVIDENCE","SOURCE_EXPLICIT_USD_MATCH","PRICE_NOT_SUPPLIED","PRICE_NOT_SUPPLIED","true","LEGACY_PRICE_NULL","1"
"admission_bb7f4d54b44f0220b260f9fef72014f6bd3837bcf41f822fb6375d85c725604f","9930445d1571ffb6fd0899a0b7a6d146e3e6c7df0151c089038186fb29ac7dcc","RECONCILE_LEGACY_LEDGER_PRICE_EVIDENCE","SOURCE_EXPLICIT_USD_MATCH","PRICE_NOT_SUPPLIED","PRICE_NOT_SUPPLIED","true","LEGACY_PRICE_NULL","1"
"admission_bebb3eb6cbe24970813fda0ff0531c75868823888c073d626e67728ebffa21bb","797d0251e3951a35aec5aa3efd5e8bf3178e866cf0bd17e0e72290cec221a7fb","RECONCILE_LEGACY_LEDGER_PRICE_EVIDENCE","SOURCE_EXPLICIT_USD_MATCH","PRICE_NOT_SUPPLIED","PRICE_NOT_SUPPLIED","true","LEGACY_PRICE_NULL","1"
"admission_c08ff9b2106207087924aa25e6475d2ed8e1fc507847766a2c5a9f847b1bf5e7","7c0f639986bbac8a045b10bfce7e13e4aa2b16eca56bcac6054b71500c4d730b","RECONCILE_LEGACY_LEDGER_PRICE_EVIDENCE","SOURCE_EXPLICIT_USD_MATCH","PRICE_RESEARCH_ADMISSION_NOT_ELIGIBLE","PRICE_RESEARCH_ADMISSION_NOT_ELIGIBLE","false","LEGACY_PRICE_RETAIN","2"
"admission_c0c3b00610d4247e98461ae0e37d4b49b63aff38f36e2a87b2fe439d8fc1b9ec","aecaf8fc09d411acf5fe5c41eb1fb92bd89a7fa4d070051b6c6b55dcef1402b7","RECONCILE_LEGACY_LEDGER_PRICE_EVIDENCE","SOURCE_EXPLICIT_USD_MATCH","PRICE_NOT_SUPPLIED","PRICE_NOT_SUPPLIED","true","LEGACY_PRICE_NULL","1"
"admission_c2996b625835862c843eb9135473db6951e1377db05d266fe5a9f5fc9dc08763","6620f024ceda9c990ff7aa394d668dfccd36091d5f97ae84be338f0e398d53a8","RECONCILE_LEGACY_LEDGER_PRICE_EVIDENCE","SOURCE_EXPLICIT_USD_MATCH","PRICE_NOT_SUPPLIED","PRICE_NOT_SUPPLIED","true","LEGACY_PRICE_NULL","1"
"admission_c4006aa547e8b3823197c41a7bf7ea3132bf91f6afe0602bce95278d9c2bbfb3","eb6ed4b3705b3f4bc4e12532f225cf983a9d4388c8938a732334856230955cc7","RECONCILE_LEGACY_LEDGER_PRICE_EVIDENCE","SOURCE_EXPLICIT_USD_MATCH","PRICE_RESEARCH_ADMISSION_NOT_ELIGIBLE","PRICE_RESEARCH_ADMISSION_NOT_ELIGIBLE","false","LEGACY_PRICE_RETAIN","2"
"admission_c438eed7d72fb556a3b8884aedbd9e2cc8b7ba6013f258013ee5abafe99e2572","7dcfed68fe21035ebc5a79c0b641f13d41964f956b8f38b307c1bcd8673abcf5","RECONCILE_LEGACY_LEDGER_PRICE_EVIDENCE","SOURCE_EXPLICIT_USD_MATCH","PRICE_RESEARCH_ADMISSION_NOT_ELIGIBLE","PRICE_RESEARCH_ADMISSION_NOT_ELIGIBLE","false","LEGACY_PRICE_RETAIN","2"
"admission_c4c375cfc6a37951273e5629159a8f846f6a0ddfa86ff2bc43a2d2baa4f3569a","854b2de58c51310d0a001422aba0c93bfebee39d71ff0b19063ad6e6a24a1661","RECONCILE_LEGACY_LEDGER_PRICE_EVIDENCE","SOURCE_EXPLICIT_USD_MATCH","PRICE_RESEARCH_ADMISSION_NOT_ELIGIBLE","PRICE_RESEARCH_ADMISSION_NOT_ELIGIBLE","false","LEGACY_PRICE_RETAIN","2"
"admission_c699d8522a68b1d8673d46261301bea0e3ccd64671eb5d1b4e22de6e8cead0ce","ecc2d8b11de8241e6f6efab07703154f842b7c432360887c8f93727e728aa345","RECONCILE_LEGACY_LEDGER_PRICE_EVIDENCE","SOURCE_EXPLICIT_USD_MATCH","PRICE_RESEARCH_ADMISSION_NOT_ELIGIBLE","PRICE_RESEARCH_ADMISSION_NOT_ELIGIBLE","false","LEGACY_PRICE_RETAIN","2"
"admission_c8a9f9e3556ac01042da8c00c79c729d70a2af5a17b3c900b0d8943fcff6f957","baee76c0cfee4b6d0fa867634daaffaa3094654ee9421776092cf05738d5eb61","RECONCILE_LEGACY_LEDGER_PRICE_EVIDENCE","SOURCE_EXPLICIT_USD_MATCH","PRICE_RESEARCH_ADMISSION_NOT_ELIGIBLE","PRICE_RESEARCH_ADMISSION_NOT_ELIGIBLE","false","LEGACY_PRICE_RETAIN","2"
"admission_c8eea896b33ff24681486507901258e48ad0b441732711008ffd7554d162c307","7265a6420b219a14ffce58810e4378f176fecb6c8a179e08b56065ff3ba1761a","RECONCILE_LEGACY_LEDGER_PRICE_EVIDENCE","SOURCE_EXPLICIT_USD_MATCH","PRICE_RESEARCH_ADMISSION_NOT_ELIGIBLE","PRICE_RESEARCH_ADMISSION_NOT_ELIGIBLE","false","LEGACY_PRICE_RETAIN","2"
"admission_ca75cce6164aa6acc510dd37f1b82ae694eecc3cc05428140869d1d89bc01e45","a26625aeb95e0b2765661b0f5079e0cc066d5e643ac23362a3e7cebdbf066bfe","RECONCILE_LEGACY_LEDGER_PRICE_EVIDENCE","SOURCE_EXPLICIT_USD_MATCH","PRICE_NOT_SUPPLIED","PRICE_NOT_SUPPLIED","true","LEGACY_PRICE_NULL","1"
"admission_cc21b5e7d4b367bc485990b1069bff0e9bb097e364a9c5e5dfed59b07922d07b","9c2155b92f95e78266f6d9e9e532ce50d92190c8782aa03ff963d2d9c900a3b0","RECONCILE_LEGACY_LEDGER_PRICE_EVIDENCE","SOURCE_EXPLICIT_USD_MATCH","PRICE_RESEARCH_ADMISSION_NOT_ELIGIBLE","PRICE_RESEARCH_ADMISSION_NOT_ELIGIBLE","false","LEGACY_PRICE_RETAIN","2"
"admission_cc6ac6d423c5484a2016d9c633f4b4ce5a6e87109cd1e443eef2bb034a038e4d","0d4081586920fb25ee16ad08327451027aee4dad7e6d01ee3139a56915ec6047","RECONCILE_LEGACY_LEDGER_PRICE_EVIDENCE","SOURCE_EXPLICIT_USD_MATCH","PRICE_RESEARCH_ADMISSION_NOT_ELIGIBLE","PRICE_RESEARCH_ADMISSION_NOT_ELIGIBLE","false","LEGACY_PRICE_RETAIN","2"
"admission_d01f23f83d8df32e8eab1b9b18cb90733112b1504d5578596ada8f2bc3b0476f","f970ad81dd58d5a5831b09c41828014a47a880517086a7549bcb0daf62257c72","RECONCILE_LEGACY_LEDGER_PRICE_EVIDENCE","SOURCE_EXPLICIT_USD_MATCH","PRICE_RESEARCH_ADMISSION_NOT_ELIGIBLE","PRICE_RESEARCH_ADMISSION_NOT_ELIGIBLE","false","LEGACY_PRICE_RETAIN","2"
"admission_d03d9e8e832fa2732568aa698652d8e486c75349f3d098b5e93de0ab48f97edf","2fe153819210550bf57647b4c7d3c756e579bfb2e5844f9f7fcd3f5e78a724db","RECONCILE_LEGACY_LEDGER_PRICE_EVIDENCE","SOURCE_EXPLICIT_USD_MATCH","PRICE_NOT_SUPPLIED","PRICE_NOT_SUPPLIED","true","LEGACY_PRICE_NULL","1"
"admission_d1422be6438badf63eaee49c3068fb16f1106ca137ccfa6a435bf2c313a54416","a6b05eb1ad88c65c352aaa494f7432817ad594f101b0a9d79e2753e237f29dec","RECONCILE_LEGACY_LEDGER_PRICE_EVIDENCE","SOURCE_EXPLICIT_USD_MATCH","PRICE_RESEARCH_ADMISSION_NOT_ELIGIBLE","PRICE_RESEARCH_ADMISSION_NOT_ELIGIBLE","false","LEGACY_PRICE_RETAIN","2"
"admission_d15c4be1f4dec30d25b76688722810f171ce78155766ec3d6a34f5a212e75fe0","bb0c34322cc22fea84604f7aab5fb815465656682599bcda02dbc413c64bbc86","RECONCILE_LEGACY_LEDGER_PRICE_EVIDENCE","SOURCE_EXPLICIT_USD_MATCH","PRICE_RESEARCH_ADMISSION_NOT_ELIGIBLE","PRICE_RESEARCH_ADMISSION_NOT_ELIGIBLE","false","LEGACY_PRICE_RETAIN","2"
"admission_d1722f1422866fdb00f20637b4e3eb31be1d8265078aa3c874b0a1ba35729cb2","c15af99f385ec2389825250ad2e9efcf91e83ff41f4a6479e3752bb7287b5455","RECONCILE_LEGACY_LEDGER_PRICE_EVIDENCE","SOURCE_EXPLICIT_USD_MATCH","PRICE_NOT_SUPPLIED","PRICE_NOT_SUPPLIED","true","LEGACY_PRICE_NULL","1"
"admission_d2c6deb7c0b71f997d0ccb1bccd0b0921f4124b7b0a341555792aaea1a836bb3","9a1ac8fd76caf8c33ade3cb7871406167eeb74ad4efe150c4eba1ddcf8d5c88f","RECONCILE_LEGACY_LEDGER_PRICE_EVIDENCE","SOURCE_EXPLICIT_USD_MATCH","PRICE_RESEARCH_ADMISSION_NOT_ELIGIBLE","PRICE_RESEARCH_ADMISSION_NOT_ELIGIBLE","false","LEGACY_PRICE_RETAIN","2"
"admission_d535a840881dc7aeb61748ad1609f6a4a907982b5df31d1dc2154c8cb2120846","eea1d410a8590f8a846fe9078acc7bc5b1713d34a5eac098fbcd676336b38c0b","RECONCILE_LEGACY_LEDGER_PRICE_EVIDENCE","SOURCE_EXPLICIT_USD_MATCH","PRICE_NOT_SUPPLIED","PRICE_NOT_SUPPLIED","true","LEGACY_PRICE_NULL","1"
"admission_d637e1b080a43b5584864677b282efd2b77ff1e3ad1cef588bde3954d2c95fdc","d2e7f7d18e8586a054a2cd712e40dc60cb62e9ada293cc92bedcd4818a331a07","RECONCILE_LEGACY_LEDGER_PRICE_EVIDENCE","SOURCE_EXPLICIT_USD_MATCH","PRICE_NOT_SUPPLIED","PRICE_NOT_SUPPLIED","true","LEGACY_PRICE_NULL","1"
"admission_d6aa10dcc3a17a7df73d6f8747c88ade3b1bf97d72955c80628fcdb43c8ca6de","2f69ac7f8113d70e681cdf7953dd9a907330fabb25cab47c290c887562ae0c26","RECONCILE_LEGACY_LEDGER_PRICE_EVIDENCE","SOURCE_EXPLICIT_USD_MATCH","PRICE_NOT_SUPPLIED","PRICE_NOT_SUPPLIED","true","LEGACY_PRICE_NULL","1"
"admission_daf5a566f8f756e131ea27fd6ba052ea249192728cb9f3f2cc6c6f9a9c0e1041","49429d3d42d833eddb115f646d317fe5f6abf64d4a7a744c960bb60a0ab3e83c","RECONCILE_LEGACY_LEDGER_PRICE_EVIDENCE","SOURCE_EXPLICIT_USD_MATCH","PRICE_NOT_SUPPLIED","PRICE_NOT_SUPPLIED","true","LEGACY_PRICE_NULL","1"
"admission_db02e477c7af1345204d57637710f5619d06edcfbd251d52089e87a5e1d5da8b","18dd943f019d965206d94b8a58fff16a47737c2dd5dddabdaae196278ae2ac42","RECONCILE_LEGACY_LEDGER_PRICE_EVIDENCE","SOURCE_EXPLICIT_USD_MATCH","PRICE_RESEARCH_ADMISSION_NOT_ELIGIBLE","PRICE_RESEARCH_ADMISSION_NOT_ELIGIBLE","false","LEGACY_PRICE_RETAIN","2"
"admission_db34b77d28011efb55b973b73969574589e27909d3324fc46d12b1cf507efa8f","7282b00cb6f8736186dccba14fdf7a9c201d24bbdaec83a5a3cd116c56c4dbb9","RECONCILE_LEGACY_LEDGER_PRICE_EVIDENCE","SOURCE_EXPLICIT_USD_MATCH","PRICE_NOT_SUPPLIED","PRICE_NOT_SUPPLIED","true","LEGACY_PRICE_NULL","1"
"admission_db4f27ace2e4a96219a9c7f624010b0938820eebcd1cd2febe806a08ed84c8c5","b0447c769c11f1f859cebbf7a4c106aa939a9c1151cc1615a418a2dbdcc684e6","RECONCILE_LEGACY_LEDGER_PRICE_EVIDENCE","SOURCE_EXPLICIT_USD_MATCH","PRICE_RESEARCH_ADMISSION_NOT_ELIGIBLE","PRICE_RESEARCH_ADMISSION_NOT_ELIGIBLE","false","LEGACY_PRICE_RETAIN","2"
"admission_dea5853639709fa59fa2c85f98a411bc933755b7eaaeb7b32f9610706ace1736","4bd258994e9e52f6b469a26ff66bc2ca8a75efdbd6f1939c7aae2b75780c15ff","RECONCILE_LEGACY_LEDGER_PRICE_EVIDENCE","SOURCE_EXPLICIT_USD_MATCH","PRICE_NOT_SUPPLIED","PRICE_NOT_SUPPLIED","true","LEGACY_PRICE_NULL","1"
"admission_df413bca247aa7279b672615c3f70573c4c5e256b27def8633e9344889506f01","14f0ac9ccef890c67ea01c99547f1d6329f75d5824cd4b0d65833fb02c9709c2","RECONCILE_LEGACY_LEDGER_PRICE_EVIDENCE","SOURCE_EXPLICIT_USD_MATCH","PRICE_NOT_SUPPLIED","PRICE_NOT_SUPPLIED","true","LEGACY_PRICE_NULL","1"
"admission_e1cb0a834ac5fef1ccc88617d36c9377975b06832845e9a1a31704a7c81aa3f1","5117e3cbaa3fa141d1272925b9477c0bfa6aa424f3f89c028b3d2902a211cc3f","RECONCILE_LEGACY_LEDGER_PRICE_EVIDENCE","SOURCE_EXPLICIT_USD_MATCH","PRICE_NOT_SUPPLIED","PRICE_NOT_SUPPLIED","true","LEGACY_PRICE_NULL","1"
"admission_e1da92609df0a3277c8e96f825e86fbc3ba5158010d99346434f9f46c9f20d5c","1c16e1e8271154baa9fc99b148cb64d6d05034baf182872e442408d7afaebd5f","RECONCILE_LEGACY_LEDGER_PRICE_EVIDENCE","SOURCE_EXPLICIT_USD_MATCH","PRICE_RESEARCH_ADMISSION_NOT_ELIGIBLE","PRICE_RESEARCH_ADMISSION_NOT_ELIGIBLE","false","LEGACY_PRICE_RETAIN","2"
"admission_e4e1701f3401d07c643b78e5d4a06ad341f935969c11a0936fda5329c8153236","78f15ff5a561a3270ce5977d16e1e3c1a56b1108ce1e25b9ded47cb412317f77","RECONCILE_LEGACY_LEDGER_PRICE_EVIDENCE","SOURCE_EXPLICIT_USD_MATCH","PRICE_NOT_SUPPLIED","PRICE_NOT_SUPPLIED","true","LEGACY_PRICE_NULL","1"
"admission_e92158bc67e34dc9bc1e3c52b8f4514ab810f9042dcbccdee999c1a9f30735b5","bff029784961e895b83ffa9875d7f2bf6f6d1061fb1e90416ff24dfdd47d2d73","RECONCILE_LEGACY_LEDGER_PRICE_EVIDENCE","SOURCE_EXPLICIT_USD_MATCH","PRICE_RESEARCH_ADMISSION_NOT_ELIGIBLE","PRICE_RESEARCH_ADMISSION_NOT_ELIGIBLE","false","LEGACY_PRICE_RETAIN","2"
"admission_ea5084a3d41ec91edc51383ca04619737ef3226a2f9fe982d5cfafbca0101334","cbfbb233276e47a50473c898847eff95a788091a4c624008f3431d75ec6108d0","RECONCILE_LEGACY_LEDGER_PRICE_EVIDENCE","SOURCE_EXPLICIT_USD_MATCH","PRICE_NOT_SUPPLIED","PRICE_NOT_SUPPLIED","true","LEGACY_PRICE_NULL","1"
"admission_eb42abecdbb4fbd6d2139d36e1c7f62af19fed7c2a73c0481623c0fd26c8b2c5","5f7f400690158271df513bc9e9829d86f14d3a5e531dcb2e1235deb23f78bb45","RECONCILE_LEGACY_LEDGER_PRICE_EVIDENCE","SOURCE_EXPLICIT_USD_MATCH","PRICE_NOT_SUPPLIED","PRICE_NOT_SUPPLIED","true","LEGACY_PRICE_NULL","1"
"admission_eba3f18af6531533d7cf5c652e33500ff1807bb01516983524dc06958571e4ba","e08359b6ac87671861daaf20e4c73f822f6695d1ab44292d5f93c0aa5e844828","RECONCILE_LEGACY_LEDGER_PRICE_EVIDENCE","SOURCE_EXPLICIT_USD_MATCH","PRICE_RESEARCH_ADMISSION_NOT_ELIGIBLE","PRICE_RESEARCH_ADMISSION_NOT_ELIGIBLE","false","LEGACY_PRICE_RETAIN","2"
"admission_eed68c59ec95f04ed474c5f98c6aba214890561fd2d738edcc3335dd1af4bf92","7ccc4629286c5ce268cfe6338bc2b178a065655a73b97fde7559448c18624942","RECONCILE_LEGACY_LEDGER_PRICE_EVIDENCE","SOURCE_EXPLICIT_USD_MATCH","PRICE_NOT_SUPPLIED","PRICE_NOT_SUPPLIED","true","LEGACY_PRICE_NULL","1"
"admission_ef21c58698476ab2f39ba0c03794907522b0939f80e0fd4c2e46b86383c8b12e","583280a896a52e36cee7c7849271c6d74ec4991add70a6f04390ea4d7a908ea2","RECONCILE_LEGACY_LEDGER_PRICE_EVIDENCE","SOURCE_EXPLICIT_USD_MATCH","PRICE_NOT_SUPPLIED","PRICE_NOT_SUPPLIED","true","LEGACY_PRICE_NULL","1"
"admission_efd0a29283edc981ff1eed01d8d081175b8c2b6edb0dbbae5e5cd813f2434297","2cb7183b15f11e6c2dfb09b9b316ecca4ad7053db5a5415c53764825955e81cf","RECONCILE_LEGACY_LEDGER_PRICE_EVIDENCE","SOURCE_EXPLICIT_USD_MATCH","PRICE_RESEARCH_ADMISSION_NOT_ELIGIBLE","PRICE_RESEARCH_ADMISSION_NOT_ELIGIBLE","false","LEGACY_PRICE_RETAIN","2"
"admission_f04d659748ae9d161d88edafd85bf06e6d4c9c6d4225bc01e4923cce32085b64","2fc4d52a3398338b62b258c864919b6739a5196f596cd7e420f528a4c9a657de","RECONCILE_LEGACY_LEDGER_PRICE_EVIDENCE","SOURCE_EXPLICIT_USD_MATCH","PRICE_RESEARCH_ADMISSION_NOT_ELIGIBLE","PRICE_RESEARCH_ADMISSION_NOT_ELIGIBLE","false","LEGACY_PRICE_RETAIN","2"
"admission_f10661bc815e9bafaae2c538c6ae9910259c7fb9a70ac48133f5288d04d855a6","c1c5f057590dfb8cc7cbd3741008060be2a45215fa16a198969881293d05d649","RECONCILE_LEGACY_LEDGER_PRICE_EVIDENCE","SOURCE_EXPLICIT_USD_MATCH","PRICE_NOT_SUPPLIED","PRICE_NOT_SUPPLIED","true","LEGACY_PRICE_NULL","1"
"admission_f123a17cfc76a09a63857e9fcf92a8ec74e175835806d5219f2ea66a31c6715f","a485934aadcd50ac6f8e6ce1f2a37312ce6dbc5ecac9613328255d9f57b41454","RECONCILE_LEGACY_LEDGER_PRICE_EVIDENCE","SOURCE_EXPLICIT_USD_MATCH","PRICE_RESEARCH_ADMISSION_NOT_ELIGIBLE","PRICE_RESEARCH_ADMISSION_NOT_ELIGIBLE","false","LEGACY_PRICE_RETAIN","2"
"admission_f150f2b77deeebb21aa9f924647a90cb9303d1ee911dc1b9590204e9ff0dd594","22bd2a272d09ee6df15cabcff89d1af62a96838a64c947e1d31e027b5b680f67","RECONCILE_LEGACY_LEDGER_PRICE_EVIDENCE","SOURCE_EXPLICIT_USD_MATCH","PRICE_RESEARCH_ADMISSION_NOT_ELIGIBLE","PRICE_RESEARCH_ADMISSION_NOT_ELIGIBLE","false","LEGACY_PRICE_RETAIN","2"
"admission_f1bedeb36269ce6f2e8edf08cb2b842f6e57d1a5e97567dd8f2a53207f93c2c4","775eb003fb4f1f6ff60138cd176bd0287003b5b37abab0e575456914fa73bd3c","RECONCILE_LEGACY_LEDGER_PRICE_EVIDENCE","SOURCE_EXPLICIT_USD_MATCH","PRICE_NOT_SUPPLIED","PRICE_NOT_SUPPLIED","true","LEGACY_PRICE_NULL","1"
"admission_f2e57cd87607c8c3381b77be78076947551f069a0104af636d878fdbc3681ff0","b6d7e35a13bd2f0cbf1af070701094a98ce6562c7771b9bd90243916d7fc3ce5","RECONCILE_LEGACY_LEDGER_PRICE_EVIDENCE","SOURCE_EXPLICIT_USD_MATCH","PRICE_RESEARCH_ADMISSION_NOT_ELIGIBLE","PRICE_RESEARCH_ADMISSION_NOT_ELIGIBLE","false","LEGACY_PRICE_RETAIN","2"
"admission_f3a3d8f73048d98777dc465340b7070f12fdf9a496c31ae47202f89801218928","4428f9d3e48e3c86f77585e3e3d7366888ddf516a0c83372e8e4b2f9b36bdbf3","RECONCILE_LEGACY_LEDGER_PRICE_EVIDENCE","SOURCE_EXPLICIT_USD_MATCH","PRICE_NOT_SUPPLIED","PRICE_NOT_SUPPLIED","true","LEGACY_PRICE_NULL","1"
"admission_f6238db968ef4edf4ff0ce1ff52195428a767aad6f076b8f2e15c2a871553fd1","af95fca5cc040deda0aaa58f9d8a8f4cb820af19d0a28b21a3449af3b64d7a6d","RECONCILE_LEGACY_LEDGER_PRICE_EVIDENCE","SOURCE_EXPLICIT_USD_MATCH","PRICE_NOT_SUPPLIED","PRICE_NOT_SUPPLIED","true","LEGACY_PRICE_NULL","1"
"admission_fa40b6f6f352675b6faaf548fefb8d480102cea48d31a78a346aa8ea5df63abb","fc1fe1818d224f18f2147a5c7356993b62797ce608bb2a52ba0164900ecb53f0","RECONCILE_LEGACY_LEDGER_PRICE_EVIDENCE","SOURCE_EXPLICIT_USD_MATCH","PRICE_RESEARCH_ADMISSION_NOT_ELIGIBLE","PRICE_RESEARCH_ADMISSION_NOT_ELIGIBLE","false","LEGACY_PRICE_RETAIN","2"
"admission_faa4f5e0701e91441c2aed64a7dda2db33114f6dde050843f36da6986bd65de1","3519ecf0f670f7f4bb5d0399f6ce2268bd58ffb5e653bf55ff6883b3800e8566","RECONCILE_LEGACY_LEDGER_PRICE_EVIDENCE","SOURCE_EXPLICIT_USD_MATCH","PRICE_NOT_SUPPLIED","PRICE_NOT_SUPPLIED","true","LEGACY_PRICE_NULL","1"
"admission_fb4cf20862ff422bf1f9af4d6455f134eebb55247f6f2c53991943b609b5713b","cda6108968db3d15a638f583b8ee0949707c9a4d312d855284217656df5ec29f","RECONCILE_LEGACY_LEDGER_PRICE_EVIDENCE","SOURCE_EXPLICIT_USD_MATCH","PRICE_RESEARCH_ADMISSION_NOT_ELIGIBLE","PRICE_RESEARCH_ADMISSION_NOT_ELIGIBLE","false","LEGACY_PRICE_RETAIN","2"
"admission_fcff2c95432f93278d26658c0d1354105329ac34339f82b33091371293341f19","cb7cbd68e3054da2a0ddb95a8f566196c3bf9e927c6424a9d086154028604277","RECONCILE_LEGACY_LEDGER_PRICE_EVIDENCE","SOURCE_EXPLICIT_USD_MATCH","PRICE_RESEARCH_ADMISSION_NOT_ELIGIBLE","PRICE_RESEARCH_ADMISSION_NOT_ELIGIBLE","false","LEGACY_PRICE_RETAIN","2"
"admission_fddc051a7ef43bcfaa4e31b35ba92b236571b9679d96637254d1ab0b4921ce8d","78f3a29d43743a9b91306d9a955e2d6744101e086b78eac4e180895d608caa8d","RECONCILE_LEGACY_LEDGER_PRICE_EVIDENCE","SOURCE_EXPLICIT_USD_MATCH","PRICE_RESEARCH_ADMISSION_NOT_ELIGIBLE","PRICE_RESEARCH_ADMISSION_NOT_ELIGIBLE","false","LEGACY_PRICE_RETAIN","2"
